time,open,high,low,close,volume
1577836800,7225.0,7225.0,7200.0,7210.0,117
1577923200,7220.0,7225.0,6900.0,6950.0,4657
1578009600,6945.0,7500.0,6860.0,7335.0,8407
1578182400,7435.0,7440.0,7385.0,7430.0,168
1578268800,7425.0,7905.0,7425.0,7845.0,6457
1578355200,7850.0,8340.0,7805.0,8285.0,11362
1578441600,8270.0,8595.0,7915.0,8100.0,15777
1578528000,8115.0,8115.0,7800.0,7865.0,10279
1578614400,7860.0,8220.0,7700.0,8125.0,12932
1578787200,8235.0,8280.0,8215.0,8280.0,322
1578873600,8280.0,8300.0,8100.0,8155.0,2879
1578960000,8160.0,8980.0,8150.0,8890.0,13507
1579046400,8895.0,8995.0,8635.0,8885.0,6650
1579132800,8900.0,8925.0,8615.0,8780.0,5642
1579219200,8765.0,9085.0,8720.0,8955.0,6799
1579392000,8720.0,8750.0,8645.0,8740.0,290
1579478400,8740.0,8765.0,8530.0,8670.0,2871
1579564800,8670.0,8825.0,8515.0,8785.0,4292
1579651200,8790.0,8865.0,8600.0,8695.0,4649
1579737600,8700.0,8705.0,8290.0,8405.0,13891
1579824000,8410.0,8540.0,8235.0,8505.0,9288
1579996800,8595.0,8630.0,8585.0,8630.0,383
1580083200,8635.0,9020.0,8575.0,8920.0,12641
1580169600,8920.0,9460.0,8905.0,9420.0,15771
1580256000,9440.0,9480.0,9250.0,9300.0,11131
1580342400,9295.0,9570.0,9160.0,9505.0,13812
1580428800,9490.0,9515.0,9180.0,9275.0,650
1580601600,9495.0,9540.0,9435.0,9450.0,372
1580688000,9450.0,9790.0,9270.0,9365.0,8635
1580774400,9365.0,9440.0,9130.0,9235.0,8062
1580860800,9235.0,9945.0,9225.0,9780.0,14429
1580947200,9785.0,10010.0,9685.0,9880.0,11653
1581033600,9885.0,10030.0,9810.0,9855.0,8119
1581206400,10200.0,10335.0,10200.0,10315.0,482
1581292800,10310.0,10360.0,9510.0,9940.0,6381
1581379200,9935.0,10570.0,9790.0,10375.0,15658
1581465600,10380.0,10620.0,10350.0,10480.0,12796
1581552000,10480.0,10670.0,10160.0,10325.0,15992
1581638400,10335.0,10635.0,10210.0,10475.0,8556
1581811200,9980.0,10080.0,9930.0,9995.0,419
1581897600,10000.0,10040.0,9505.0,9755.0,9818
1581984000,9755.0,10365.0,9640.0,10270.0,10477
1582070400,10270.0,10545.0,9245.0,9625.0,8645
1582156800,9615.0,9730.0,9405.0,9630.0,3694
1582243200,9630.0,9830.0,9600.0,9710.0,2010
1582416000,9935.0,10050.0,9935.0,10025.0,342
1582502400,10020.0,10075.0,9480.0,9670.0,6459
1582588800,9675.0,9695.0,9240.0,9320.0,3543
1582675200,9310.0,9375.0,8595.0,8775.0,7274
1582761600,8760.0,8980.0,8520.0,8790.0,3197
1582848000,8825.0,8905.0,8430.0,8670.0,485
1583020800,8645.0,8655.0,8590.0,8590.0,117
1583107200,8590.0,9030.0,8540.0,8995.0,2085
1583193600,8975.0,8990.0,8740.0,8815.0,2764
1583280000,8805.0,8910.0,8700.0,8810.0,1817
1583366400,8815.0,9250.0,8815.0,9135.0,3702
1583452800,9130.0,9250.0,9060.0,9170.0,1721
1583625600,8265.0,8280.0,7995.0,8040.0,1582
1583712000,8045.0,8180.0,7640.0,7935.0,7998
1583798400,7945.0,8175.0,7755.0,7900.0,5131
1583884800,7895.0,8000.0,7610.0,7950.0,3760
1583971200,7960.0,7980.0,4365.0,4700.0,19568
1584057600,4660.0,5935.0,4210.0,5320.0,11092
1584230400,5850.0,5850.0,5285.0,5335.0,1160
1584316800,5335.0,5340.0,4390.0,5015.0,14122
1584403200,5030.0,5525.0,4915.0,5335.0,6669
1584489600,5330.0,5450.0,4990.0,5420.0,8426
1584576000,5440.0,6435.0,5275.0,6195.0,8889
1584662400,6210.0,6950.0,5665.0,5975.0,6193
1584835200,6060.0,6060.0,5745.0,5830.0,676
1584921600,5820.0,6650.0,5685.0,6515.0,7995
1585008000,6530.0,6885.0,6415.0,6775.0,7231
1585094400,6760.0,6995.0,6465.0,6695.0,4218
1585180800,6705.0,6805.0,6520.0,6780.0,2899
1585267200,6820.0,6855.0,6570.0,6645.0,362
1585440000,6045.0,6045.0,5860.0,5860.0,580
1585526400,5870.0,6660.0,5835.0,6415.0,4131
1585612800,6410.0,6540.0,6340.0,6425.0,1932
1585699200,6435.0,6755.0,6155.0,6695.0,3872
1585785600,6710.0,7345.0,6605.0,6860.0,8179
1585872000,6835.0,7100.0,6625.0,6715.0,3745
1586044800,6820.0,6845.0,6785.0,6800.0,157
1586131200,6800.0,7425.0,6795.0,7390.0,12039
1586217600,7395.0,7515.0,7105.0,7220.0,6454
1586304000,7225.0,7475.0,7180.0,7385.0,2960
1586390400,7370.0,7395.0,7090.0,7315.0,2693
1586649600,7160.0,7160.0,6885.0,6910.0,1058
1586736000,6905.0,6940.0,6555.0,6875.0,4282
1586822400,6890.0,7010.0,6785.0,6875.0,2182
1586908800,6865.0,6950.0,6615.0,6625.0,2164
1586995200,6610.0,7235.0,6465.0,7120.0,6384
1587081600,7140.0,7165.0,7010.0,7075.0,1451
1587254400,7200.0,7215.0,7140.0,7160.0,230
1587340800,7125.0,7255.0,6765.0,6880.0,4044
1587427200,6845.0,6960.0,6780.0,6860.0,2390
1587513600,6860.0,7195.0,6830.0,7145.0,2930
1587600000,7160.0,7805.0,7045.0,7495.0,6265
1587686400,7490.0,7620.0,7400.0,7475.0,735
1587859200,7665.0,7785.0,7645.0,7780.0,293
1587945600,7785.0,7905.0,7675.0,7870.0,2604
1588032000,7870.0,7875.0,7735.0,7830.0,1596
1588118400,7845.0,9065.0,7780.0,8875.0,9565
1588204800,8875.0,9560.0,8480.0,8710.0,10569
1588291200,8700.0,9145.0,8695.0,8840.0,4709
1588464000,8965.0,9060.0,8945.0,8995.0,450
1588550400,9005.0,9075.0,8600.0,8975.0,3791
1588636800,8995.0,9225.0,8835.0,9110.0,4547
1588723200,9125.0,9515.0,8980.0,9235.0,6786
1588809600,9225.0,10220.0,9105.0,10145.0,12220
1588896000,10155.0,10190.0,9820.0,10085.0,5591
1589068800,8820.0,8905.0,8640.0,8800.0,1758
1589155200,8800.0,9275.0,8220.0,8620.0,17386
1589241600,8620.0,9050.0,8585.0,8875.0,6814
1589328000,8875.0,9490.0,8870.0,9425.0,4837
1589414400,9435.0,10070.0,9355.0,9865.0,8721
1589500800,9865.0,9920.0,9170.0,9295.0,7451
1589673600,9795.0,9835.0,9660.0,9730.0,415
1589760000,9735.0,10035.0,9515.0,9770.0,7223
1589846400,9775.0,9955.0,9505.0,9830.0,6469
1589932800,9830.0,9895.0,9330.0,9550.0,6155
1590019200,9540.0,9610.0,8815.0,9080.0,8290
1590105600,9060.0,9285.0,8945.0,9195.0,4234
1590278400,9050.0,9065.0,8690.0,8710.0,1143
1590364800,8715.0,8950.0,8630.0,8905.0,2399
1590451200,8910.0,9030.0,8700.0,8845.0,4143
1590537600,8845.0,9265.0,8820.0,9215.0,4698
1590624000,9220.0,9610.0,9120.0,9560.0,4074
1590710400,9595.0,9595.0,9350.0,9450.0,233
1590883200,9530.0,9595.0,9465.0,9535.0,302
1590969600,9515.0,10565.0,9500.0,10345.0,6145
1591056000,10370.0,10370.0,9335.0,9595.0,11096
1591142400,9585.0,9780.0,9465.0,9745.0,3094
1591228800,9755.0,9985.0,9535.0,9875.0,4200
1591315200,9890.0,9950.0,9675.0,9800.0,4378
1591488000,9810.0,9870.0,9800.0,9830.0,203
1591574400,9840.0,9900.0,9620.0,9880.0,3969
1591660800,9885.0,9985.0,9645.0,9850.0,3986
1591747200,9860.0,10130.0,9720.0,9975.0,6915
1591833600,9980.0,10060.0,9090.0,9305.0,10512
1591920000,9305.0,9610.0,9265.0,9505.0,3540
1592092800,9370.0,9435.0,9275.0,9360.0,403
1592179200,9355.0,9525.0,8930.0,9460.0,5272
1592265600,9465.0,9630.0,9415.0,9565.0,3342
1592352000,9565.0,9600.0,9255.0,9485.0,3263
1592438400,9485.0,9515.0,9320.0,9405.0,2054
1592524800,9395.0,9465.0,9245.0,9340.0,3200
1592697600,9350.0,9350.0,9285.0,9300.0,286
1592784000,9295.0,9745.0,9280.0,9720.0,4126
1592870400,9720.0,9755.0,9600.0,9630.0,2614
1592956800,9635.0,9685.0,9180.0,9285.0,6847
1593043200,9285.0,9315.0,8985.0,9250.0,3666
1593129600,9225.0,9280.0,9055.0,9085.0,573
1593302400,9175.0,9180.0,9125.0,9165.0,230
1593388800,9165.0,9295.0,9050.0,9245.0,2567
1593475200,9245.0,9255.0,9100.0,9195.0,1404
1593561600,9180.0,9390.0,9140.0,9305.0,4457
1593648000,9305.0,9335.0,8950.0,9125.0,6445
1593734400,9115.0,9170.0,9075.0,9125.0,1413
1593907200,9100.0,9135.0,9060.0,9110.0,139
1593993600,9115.0,9455.0,9100.0,9410.0,5232
1594080000,9405.0,9455.0,9250.0,9305.0,2745
1594166400,9315.0,9570.0,9290.0,9510.0,5064
1594252800,9510.0,9515.0,9190.0,9275.0,5725
1594339200,9265.0,9285.0,9145.0,9275.0,2184
1594512000,9290.0,9385.0,9290.0,9345.0,291
1594598400,9345.0,9410.0,9240.0,9270.0,2596
1594684800,9270.0,9320.0,9135.0,9305.0,2796
1594771200,9300.0,9320.0,9165.0,9210.0,2278
1594857600,9215.0,9245.0,9040.0,9160.0,3211
1594944000,9160.0,9220.0,9095.0,9185.0,1566
1595116800,9200.0,9280.0,9200.0,9260.0,380
1595203200,9265.0,9270.0,9155.0,9185.0,1942
1595289600,9185.0,9480.0,9175.0,9430.0,5249
1595376000,9435.0,9615.0,9295.0,9590.0,3606
1595462400,9585.0,9735.0,9490.0,9645.0,5576
1595548800,9645.0,9665.0,9505.0,9645.0,2748
1595721600,9925.0,10025.0,9925.0,10000.0,894
1595808000,10000.0,11540.0,9990.0,11155.0,16987
1595894400,11180.0,11360.0,10635.0,10965.0,10662
1595980800,10960.0,11405.0,10890.0,11130.0,7879
1596067200,11120.0,11190.0,10835.0,11135.0,4844
1596153600,11145.0,11245.0,10985.0,11195.0,835
1596326400,11350.0,11450.0,11270.0,11310.0,607
1596412800,11315.0,11720.0,11180.0,11395.0,5091
1596499200,11390.0,11600.0,11125.0,11330.0,6325
1596585600,11345.0,11980.0,11190.0,11925.0,11184
1596672000,11925.0,12085.0,11750.0,11930.0,4766
1596758400,11920.0,12085.0,11395.0,11645.0,9311
1596931200,11800.0,11810.0,11735.0,11780.0,470
1597017600,11775.0,12220.0,11645.0,12025.0,9288
1597104000,12040.0,12090.0,11190.0,11455.0,10161
1597190400,11440.0,11745.0,11220.0,11670.0,5841
1597276800,11645.0,11945.0,11340.0,11905.0,5585
1597363200,11910.0,12000.0,11740.0,11870.0,8992
1597536000,11950.0,12080.0,11950.0,12075.0,435
1597622400,12075.0,12635.0,11905.0,12405.0,8851
1597708800,12415.0,12505.0,11850.0,12015.0,9804
1597795200,12045.0,12075.0,11580.0,11795.0,9781
1597881600,11795.0,12125.0,11710.0,11910.0,4511
1597968000,11895.0,11925.0,11600.0,11600.0,9209
1598140800,11695.0,11705.0,11645.0,11660.0,346
1598227200,11660.0,11865.0,11595.0,11795.0,6357
1598313600,11775.0,11785.0,11115.0,11335.0,11581
1598400000,11325.0,11570.0,11260.0,11470.0,5801
1598486400,11470.0,11610.0,11125.0,11335.0,7382
1598572800,11310.0,11525.0,11300.0,11460.0,496
1598745600,11735.0,11875.0,11730.0,11870.0,787
1598832000,11875.0,11915.0,11705.0,11760.0,4104
1598918400,11770.0,12200.0,11625.0,12035.0,9157
1599004800,12035.0,12070.0,11165.0,11450.0,16565
1599091200,11450.0,11530.0,10015.0,10175.0,18429
1599177600,10175.0,10660.0,9905.0,10625.0,11804
1599350400,10425.0,10425.0,10220.0,10275.0,319
1599436800,10270.0,10465.0,9890.0,10410.0,5962
1599523200,10415.0,10475.0,9850.0,10150.0,9169
1599609600,10135.0,10385.0,10015.0,10270.0,4038
1599696000,10260.0,10565.0,10260.0,10370.0,7435
1599782400,10400.0,10420.0,10215.0,10350.0,4612
1599955200,10315.0,10345.0,10315.0,10340.0,68
1600041600,10355.0,10805.0,10270.0,10705.0,6406
1600128000,10710.0,10975.0,10645.0,10805.0,4132
1600214400,10805.0,11150.0,10690.0,10990.0,6867
1600300800,10980.0,11075.0,10755.0,10965.0,6987
1600387200,10970.0,11075.0,10815.0,10900.0,4378
1600560000,10885.0,10950.0,10835.0,10925.0,219
1600646400,10925.0,11005.0,10265.0,10415.0,11932
1600732800,10415.0,10545.0,10350.0,10535.0,3554
1600819200,10535.0,10550.0,10140.0,10215.0,5780
1600905600,10230.0,10805.0,10190.0,10740.0,7322
1600992000,10760.0,10765.0,10560.0,10610.0,449
1601164800,10800.0,10885.0,10795.0,10880.0,226
1601251200,10880.0,11080.0,10705.0,10785.0,4627
1601337600,10785.0,10940.0,10680.0,10915.0,3928
1601424000,10915.0,10920.0,10725.0,10850.0,5521
1601510400,10860.0,11060.0,10430.0,10650.0,11528
1601596800,10650.0,10705.0,10410.0,10575.0,5558
1601769600,10700.0,10745.0,10690.0,10725.0,197
1601856000,10725.0,10890.0,10670.0,10875.0,4173
1601942400,10885.0,10890.0,10565.0,10645.0,3996
1602028800,10635.0,10760.0,10600.0,10740.0,2105
1602115200,10725.0,11065.0,10580.0,11005.0,5112
1602201600,11005.0,11205.0,10910.0,11095.0,3158
1602374400,11360.0,11505.0,11360.0,11475.0,577
1602460800,11475.0,11805.0,11280.0,11630.0,6066
1602547200,11640.0,11640.0,11355.0,11485.0,3633
1602633600,11475.0,11630.0,11340.0,11495.0,3519
1602720000,11495.0,11695.0,11315.0,11575.0,3282
1602806400,11565.0,11610.0,11225.0,11370.0,5206
1602979200,11505.0,11585.0,11505.0,11560.0,281
1603065600,11570.0,11910.0,11470.0,11805.0,6626
1603152000,11815.0,12110.0,11740.0,11975.0,3984
1603238400,11980.0,13285.0,11960.0,12875.0,10722
1603324800,12875.0,13275.0,12725.0,13030.0,5599
1603411200,13020.0,13085.0,12775.0,13000.0,3112
1603584000,13100.0,13100.0,13010.0,13075.0,220
1603670400,13070.0,13300.0,12805.0,13100.0,5325
1603756800,13090.0,13810.0,13090.0,13665.0,7210
1603843200,13635.0,13870.0,12885.0,13290.0,9017
1603929600,13285.0,13665.0,12995.0,13440.0,4891
1604016000,13355.0,13660.0,13150.0,13485.0,359
1604188800,13955.0,13990.0,13825.0,13955.0,178
1604275200,13990.0,14065.0,13370.0,13680.0,4753
1604361600,13690.0,14215.0,13390.0,14160.0,3832
1604448000,14185.0,14420.0,13635.0,14320.0,9149
1604534400,14330.0,15940.0,14285.0,15810.0,7187
1604620800,15815.0,16155.0,15350.0,15710.0,7389
1604793600,15665.0,15695.0,15615.0,15645.0,157
1604880000,15680.0,16005.0,14880.0,15415.0,11929
1604966400,15405.0,15595.0,15130.0,15390.0,5892
1605052800,15405.0,16090.0,15370.0,15800.0,6070
1605139200,15795.0,16435.0,15520.0,16395.0,6379
1605225600,16400.0,16585.0,16025.0,16325.0,3781
1605398400,16035.0,16075.0,15925.0,16030.0,283
1605484800,16015.0,16935.0,15915.0,16780.0,4956
1605571200,16785.0,17930.0,16620.0,17725.0,9055
1605657600,17715.0,18540.0,17235.0,17825.0,14005
1605744000,17820.0,18260.0,17375.0,17865.0,4747
1605830400,17855.0,18880.0,17790.0,18610.0,9052
1606003200,18625.0,18695.0,18450.0,18485.0,345
1606089600,18495.0,18850.0,18040.0,18425.0,10968
1606176000,18390.0,19515.0,18075.0,19210.0,11937
1606262400,19240.0,19605.0,18495.0,18750.0,10636
1606348800,18740.0,18935.0,16230.0,17140.0,5986
1606435200,17190.0,17490.0,16605.0,16625.0,560
1606608000,18275.0,18480.0,18275.0,18415.0,632
1606694400,18425.0,20260.0,18425.0,20015.0,11198
1606780800,20025.0,20360.0,18300.0,19105.0,13136
1606867200,19015.0,19585.0,18560.0,19450.0,7854
1606953600,19435.0,19880.0,19070.0,19635.0,7044
1607040000,19605.0,19730.0,18830.0,18915.0,7433
1607212800,19205.0,19615.0,19205.0,19550.0,462
1607299200,19560.0,19595.0,19020.0,19335.0,4783
1607385600,19330.0,19475.0,18205.0,18380.0,7529
1607472000,18375.0,18750.0,17705.0,18650.0,6280
1607558400,18635.0,18640.0,17940.0,18320.0,6662
1607644800,18325.0,18350.0,17575.0,18115.0,5899
1607817600,19155.0,19395.0,19155.0,19255.0,511
1607904000,19240.0,19430.0,19080.0,19340.0,5495
1607990400,19355.0,19675.0,19120.0,19490.0,5567
1608076800,19505.0,21695.0,19340.0,21480.0,12181
1608163200,21465.0,23915.0,21360.0,22965.0,15296
1608249600,22945.0,23415.0,22435.0,22950.0,6464
1608422400,23605.0,23670.0,23510.0,23545.0,306
1608508800,23515.0,24210.0,21950.0,22745.0,11666
1608595200,22835.0,23845.0,22430.0,23840.0,8426
1608681600,23830.0,24175.0,22800.0,23235.0,5791
1608768000,23210.0,23475.0,22715.0,23195.0,749
1609027200,26650.0,27130.0,26645.0,26685.0,931
1609113600,26690.0,27900.0,26535.0,27345.0,16412
1609200000,27380.0,27680.0,26080.0,27635.0,7363
1609286400,27660.0,29370.0,27655.0,29265.0,13501
1609372800,29280.0,29700.0,28230.0,29220.0,5226
1609632000,33405.0,34095.0,33110.0,33465.0,1477
1609718400,33455.0,34170.0,28440.0,32375.0,13429
1609804800,32415.0,34805.0,30250.0,34465.0,8055
1609891200,34535.0,37460.0,33780.0,37285.0,19295
1609977600,37365.0,41000.0,36650.0,40050.0,16041
1610064000,40150.0,42730.0,37000.0,40535.0,14342
1610236800,38925.0,39165.0,38435.0,38640.0,931
1610323200,38690.0,38775.0,31105.0,35810.0,20950
1610409600,35815.0,37050.0,32780.0,34275.0,13222
1610496000,34205.0,37765.0,32610.0,37510.0,9653
1610582400,37540.0,40365.0,36915.0,39365.0,9899
1610668800,39395.0,39980.0,34555.0,36270.0,12856
1610841600,36250.0,36505.0,35765.0,35900.0,350
1610928000,35910.0,37610.0,34890.0,36785.0,6318
1611014400,36890.0,38155.0,35955.0,36040.0,7393
1611100800,35980.0,36485.0,33435.0,35550.0,8735
1611187200,35615.0,35675.0,30570.0,30780.0,12492
1611273600,30760.0,33860.0,28900.0,33290.0,10767
1611446400,32300.0,32380.0,32035.0,32285.0,313
1611532800,32280.0,34930.0,32200.0,32240.0,7681
1611619200,32180.0,32925.0,30800.0,32495.0,7102
1611705600,32520.0,32565.0,29075.0,30325.0,11429
1611792000,30430.0,33925.0,29860.0,33250.0,5688
1611878400,33490.0,38755.0,32000.0,37335.0,1651
1612051200,33315.0,33505.0,32865.0,33340.0,533
1612137600,33270.0,35005.0,32530.0,33775.0,5616
1612224000,33665.0,36370.0,33605.0,35915.0,5546
1612310400,35845.0,38025.0,35740.0,37990.0,4687
1612396800,38035.0,39200.0,36435.0,37250.0,5744
1612483200,37305.0,38755.0,36895.0,38055.0,4463
1612656000,39025.0,39450.0,38895.0,39205.0,565
1612742400,39215.0,47495.0,38305.0,47025.0,13993
1612828800,47040.0,48885.0,45605.0,47035.0,9950
1612915200,47080.0,48060.0,43950.0,45255.0,9428
1613001600,45275.0,49215.0,44345.0,48455.0,8598
1613088000,48500.0,49500.0,46500.0,48495.0,6829
1613260800,49415.0,49500.0,48925.0,49030.0,280
1613347200,48960.0,49490.0,45950.0,48305.0,4457
1613433600,48230.0,51065.0,47330.0,49335.0,9899
1613520000,49315.0,53210.0,49115.0,52635.0,9189
1613606400,52690.0,53080.0,51250.0,51815.0,7770
1613692800,51820.0,56575.0,50695.0,55900.0,10170
1613865600,57450.0,57790.0,57215.0,57625.0,470
1613952000,57640.0,57670.0,48320.0,54160.0,16596
1614038400,54170.0,54195.0,44900.0,49010.0,15593
1614124800,49035.0,51310.0,47010.0,49695.0,6679
1614211200,49740.0,52040.0,46625.0,46625.0,5763
1614297600,46960.0,47770.0,44270.0,46995.0,566
1614470400,45500.0,46110.0,45150.0,45550.0,432
1614556800,45555.0,50145.0,45310.0,49960.0,6908
1614643200,49930.0,50550.0,47245.0,48740.0,5575
1614729600,48665.0,53000.0,48385.0,50700.0,6264
1614816000,50700.0,52190.0,47425.0,48595.0,11212
1614902400,48455.0,49745.0,46295.0,49405.0,8557
1615075200,50580.0,51960.0,50580.0,51405.0,725
1615161600,51450.0,52790.0,49500.0,52765.0,6730
1615248000,52785.0,55310.0,52220.0,55310.0,5314
1615334400,55300.0,57815.0,53430.0,56165.0,6994
1615420800,56250.0,58725.0,54685.0,58310.0,7491
1615507200,58380.0,58620.0,55380.0,57250.0,7159
1615680000,58755.0,61255.0,58755.0,59550.0,829
1615766400,59515.0,61225.0,54915.0,55855.0,9403
1615852800,55870.0,57165.0,53475.0,57165.0,6784
1615939200,57170.0,59175.0,54285.0,59100.0,7113
1616025600,59150.0,60280.0,57090.0,57705.0,8743
1616112000,57710.0,59575.0,56315.0,58445.0,5717
1616284800,58195.0,58370.0,57290.0,57400.0,322
1616371200,57520.0,58460.0,53730.0,54115.0,6135
1616457600,54115.0,55895.0,52915.0,54380.0,6754
1616544000,54305.0,57225.0,51630.0,52305.0,7770
1616630400,52205.0,53140.0,50360.0,51400.0,8155
1616716800,51305.0,53765.0,51305.0,53360.0,454
1616889600,55360.0,56325.0,55205.0,56200.0,436
1616976000,56215.0,59000.0,55110.0,58170.0,6545
1617062400,58200.0,60065.0,57585.0,59410.0,4470
1617148800,59360.0,60540.0,57380.0,59450.0,6827
1617235200,59540.0,60345.0,58595.0,59360.0,4174
1617321600,59460.0,61000.0,59110.0,60090.0,2079
1617494400,58550.0,58950.0,58470.0,58855.0,239
1617580800,58880.0,60100.0,57155.0,59980.0,5778
1617667200,60000.0,60350.0,57750.0,58545.0,4997
1617753600,58525.0,59080.0,55675.0,56160.0,10307
1617840000,56120.0,58655.0,55910.0,58540.0,4500
1617926400,58580.0,59405.0,58090.0,58675.0,3638
1618099200,60000.0,60660.0,59945.0,60525.0,529
1618185600,60555.0,61945.0,59915.0,60350.0,5898
1618272000,60385.0,64450.0,60300.0,64310.0,6938
1618358400,64375.0,65520.0,61565.0,63295.0,8100
1618444800,63360.0,64030.0,62375.0,63625.0,4574
1618531200,63625.0,64000.0,60165.0,62115.0,6187
1618704000,57120.0,57120.0,56135.0,56390.0,1061
1618790400,56400.0,57750.0,54450.0,55815.0,8851
1618876800,55850.0,57160.0,53430.0,56620.0,8665
1618963200,56630.0,56910.0,53630.0,53745.0,6373
1619049600,53745.0,55645.0,51230.0,51925.0,11864
1619136000,51550.0,52085.0,47395.0,50565.0,8705
1619308800,47440.0,49225.0,47440.0,49115.0,604
1619395200,49175.0,54410.0,48855.0,54015.0,7350
1619481600,53995.0,55420.0,53265.0,55030.0,3604
1619568000,55140.0,56500.0,53905.0,54875.0,5072
1619654400,54910.0,55205.0,52335.0,53600.0,4580
1619740800,53535.0,56565.0,53125.0,56110.0,554
1619913600,56985.0,57005.0,56380.0,56800.0,308
1620000000,56850.0,59305.0,56790.0,57355.0,5326
1620086400,57440.0,57440.0,53000.0,53245.0,7842
1620172800,53135.0,58110.0,52830.0,57700.0,5973
1620259200,57725.0,58600.0,55255.0,56450.0,5653
1620345600,56500.0,58845.0,55340.0,57700.0,4616
1620518400,58200.0,58575.0,57980.0,58330.0,96
1620604800,58425.0,59900.0,53595.0,55890.0,7827
1620691200,55820.0,57075.0,54375.0,56850.0,5129
1620777600,56870.0,58140.0,48545.0,49710.0,10721
1620864000,49635.0,51195.0,46395.0,49515.0,11917
1620950400,49470.0,51475.0,48690.0,49200.0,4905
1621123200,45295.0,46505.0,44955.0,46460.0,775
1621209600,46485.0,46620.0,42050.0,43495.0,10481
1621296000,43525.0,45755.0,42100.0,42725.0,7785
1621382400,43005.0,43530.0,30205.0,36695.0,25294
1621468800,36865.0,42420.0,34950.0,40560.0,13134
1621555200,40565.0,42370.0,35135.0,35280.0,11354
1621728000,34280.0,35100.0,33720.0,34795.0,693
1621814400,34825.0,39950.0,34495.0,38625.0,9552
1621900800,38690.0,39885.0,36555.0,38430.0,7314
1621987200,38440.0,40895.0,37875.0,39375.0,7381
1622073600,39245.0,40435.0,37270.0,38500.0,4020
1622160000,38410.0,38410.0,35160.0,36805.0,282
1622332800,35905.0,36115.0,35555.0,35635.0,95
1622419200,35475.0,37575.0,34250.0,37425.0,3326
1622505600,37325.0,37985.0,35735.0,36645.0,4664
1622592000,36840.0,38340.0,35940.0,37685.0,3931
1622678400,37620.0,39560.0,37255.0,39220.0,4234
1622764800,39235.0,39285.0,35590.0,37125.0,7837
1622937600,36205.0,36205.0,35360.0,36005.0,314
1623024000,35945.0,37015.0,33330.0,33570.0,6675
1623110400,33500.0,34070.0,30915.0,33475.0,10727
1623196800,33350.0,37560.0,32420.0,37380.0,8253
1623283200,37490.0,38460.0,35815.0,36660.0,6391
1623369600,36600.0,37700.0,35955.0,37170.0,3152
1623542400,38900.0,39155.0,38705.0,38985.0,357
1623628800,39035.0,41070.0,38755.0,40480.0,5603
1623715200,40550.0,41335.0,39565.0,40175.0,4025
1623801600,40085.0,40480.0,38000.0,38260.0,6354
1623888000,38215.0,39535.0,37315.0,38065.0,5160
1623974400,37895.0,38175.0,35100.0,35450.0,5249
1624147200,35555.0,35790.0,35420.0,35575.0,136
1624233600,35555.0,35675.0,31110.0,31685.0,8846
1624320000,31630.0,33310.0,28800.0,32510.0,11806
1624406400,32540.0,34835.0,31780.0,33605.0,5610
1624492800,33660.0,35245.0,32330.0,34575.0,4389
1624579200,34795.0,35300.0,32630.0,33050.0,332
1624752000,32775.0,34760.0,32750.0,34735.0,727
1624838400,34755.0,35325.0,33900.0,34540.0,4765
1624924800,34590.0,36650.0,34235.0,35910.0,4791
1625011200,35980.0,36105.0,34020.0,35020.0,3767
1625097600,35000.0,35050.0,32695.0,33530.0,4518
1625184000,33450.0,33995.0,32620.0,33165.0,3311
1625356800,35800.0,35955.0,35215.0,35335.0,261
1625443200,35220.0,35220.0,33315.0,33805.0,1788
1625529600,33730.0,35145.0,33505.0,34265.0,4798
1625616000,34210.0,35140.0,33770.0,33810.0,3845
1625702400,33810.0,33890.0,32040.0,32835.0,5459
1625788800,32825.0,33740.0,32295.0,33565.0,2499
1625961600,34430.0,34685.0,34230.0,34305.0,206
1626048000,34200.0,34830.0,32600.0,33100.0,3595
1626134400,33075.0,33330.0,32150.0,32695.0,2969
1626220800,32730.0,33195.0,31515.0,32835.0,3481
1626307200,32835.0,33180.0,30970.0,31730.0,6581
1626393600,31750.0,32205.0,30960.0,31750.0,3713
1626566400,31760.0,31860.0,31390.0,31730.0,142
1626652800,31680.0,31825.0,30280.0,30725.0,3796
1626739200,30800.0,31015.0,29215.0,29755.0,4066
1626825600,29780.0,32830.0,29445.0,32105.0,9509
1626912000,32110.0,32590.0,31680.0,32300.0,2900
1626998400,32325.0,32930.0,31980.0,32480.0,2182
1627171200,34475.0,35440.0,34420.0,35405.0,790
1627257600,35420.0,40580.0,35255.0,37355.0,15358
1627344000,37250.0,39550.0,36425.0,39510.0,6166
1627430400,39460.0,40940.0,38815.0,40105.0,8583
1627516800,40035.0,40650.0,39290.0,40105.0,4099
1627603200,39780.0,40200.0,38455.0,39015.0,247
1627776000,41185.0,41500.0,39500.0,39890.0,594
1627862400,39935.0,40540.0,38715.0,39225.0,4105
1627948800,39140.0,39830.0,37580.0,38100.0,5364
1628035200,38165.0,40060.0,37465.0,39850.0,3592
1628121600,39830.0,41480.0,37300.0,40975.0,6594
1628208000,41030.0,43430.0,39910.0,42855.0,6463
1628380800,44255.0,44710.0,43745.0,43935.0,529
1628467200,43945.0,46520.0,42890.0,46405.0,6763
1628553600,46385.0,46800.0,44650.0,45530.0,5005
1628640000,45570.0,46835.0,45380.0,45510.0,3493
1628726400,45530.0,46265.0,43780.0,44370.0,4928
1628812800,44400.0,48005.0,44240.0,47700.0,3588
1628985600,46905.0,47330.0,46895.0,47025.0,304
1629072000,47125.0,48100.0,45670.0,46000.0,3769
1629158400,45830.0,47205.0,44340.0,44620.0,4341
1629244800,44580.0,46105.0,44155.0,44650.0,4936
1629331200,44690.0,47095.0,43900.0,46795.0,6198
1629417600,46815.0,49185.0,46675.0,48715.0,4570
1629590400,48815.0,49550.0,48640.0,49335.0,238
1629676800,49345.0,50585.0,49065.0,49535.0,4932
1629763200,49490.0,49885.0,47545.0,47635.0,4632
1629849600,47575.0,49300.0,47065.0,48985.0,4633
1629936000,49090.0,49345.0,46230.0,46815.0,4410
1630022400,46880.0,48210.0,46420.0,48030.0,431
1630195200,49070.0,49510.0,48900.0,48900.0,185
1630281600,48875.0,48880.0,46905.0,47015.0,3644
1630368000,47030.0,48415.0,46695.0,47200.0,3592
1630454400,47080.0,49270.0,46530.0,48975.0,4243
1630540800,48950.0,50570.0,48765.0,49320.0,4563
1630627200,49330.0,51260.0,48445.0,50210.0,4927
1630800000,51755.0,52140.0,51755.0,51975.0,426
1630886400,52050.0,53015.0,51160.0,52845.0,1819
1630972800,52760.0,53125.0,43705.0,46915.0,11475
1631059200,47015.0,47440.0,44500.0,46145.0,5457
1631145600,46050.0,47465.0,45545.0,46425.0,3807
1631232000,46295.0,47065.0,44750.0,45125.0,4638
1631404800,45240.0,46520.0,45240.0,46110.0,217
1631491200,46050.0,46945.0,43310.0,45070.0,6954
1631577600,44900.0,47335.0,44705.0,47185.0,3840
1631664000,47240.0,48550.0,46750.0,48275.0,2896
1631750400,48215.0,48600.0,47050.0,47855.0,4248
1631836800,47780.0,48225.0,46670.0,46945.0,3271
1632009600,47415.0,47620.0,46835.0,47215.0,157
1632096000,47240.0,47345.0,42365.0,42965.0,7731
1632182400,42880.0,43585.0,40085.0,40590.0,7202
1632268800,40725.0,44025.0,40575.0,43615.0,5852
1632355200,43540.0,44970.0,43095.0,44870.0,3831
1632441600,44940.0,45115.0,40855.0,42340.0,540
1632614400,43635.0,44225.0,42950.0,43470.0,356
1632700800,43420.0,44580.0,42260.0,42360.0,5052
1632787200,42205.0,42915.0,40915.0,41025.0,4472
1632873600,41035.0,42735.0,40785.0,41550.0,3605
1632960000,41505.0,44175.0,41435.0,43815.0,4815
1633046400,43920.0,48705.0,43330.0,48555.0,8695
1633219200,48070.0,48690.0,47975.0,48580.0,389
1633305600,48560.0,50000.0,47180.0,49650.0,5501
1633392000,49635.0,52260.0,49385.0,51960.0,7299
1633478400,51965.0,56325.0,50855.0,55860.0,8930
1633564800,55840.0,55840.0,53855.0,54305.0,4647
1633651200,54365.0,56815.0,54185.0,54355.0,4796
1633824000,55330.0,55700.0,54820.0,55110.0,367
1633910400,55115.0,58355.0,54930.0,58005.0,5189
1633996800,57950.0,58215.0,54370.0,56380.0,6445
1634083200,56455.0,58200.0,54700.0,57840.0,6298
1634169600,57925.0,59025.0,57190.0,57790.0,5810
1634256000,57600.0,63525.0,57250.0,63180.0,10759
1634428800,61120.0,62100.0,60750.0,61890.0,526
1634515200,61980.0,63230.0,60100.0,62250.0,9115
1634601600,62285.0,64900.0,61730.0,64705.0,13151
1634688000,64685.0,67680.0,63830.0,66310.0,12439
1634774400,66310.0,66960.0,62140.0,62425.0,13437
1634860800,62355.0,63950.0,60210.0,60810.0,8354
1635033600,61080.0,61260.0,60960.0,61050.0,146
1635120000,61045.0,63865.0,60820.0,63160.0,6076
1635206400,63175.0,63345.0,59725.0,60265.0,5841
1635292800,60275.0,61450.0,57855.0,58510.0,9252
1635379200,58445.0,62400.0,57855.0,60545.0,6923
1635465600,60715.0,62030.0,60220.0,61100.0,270
1635638400,61995.0,62050.0,61620.0,61675.0,299
1635724800,61685.0,62850.0,59700.0,61360.0,4618
1635811200,61185.0,64665.0,60900.0,63650.0,5150
1635897600,63685.0,63965.0,60945.0,63300.0,5205
1635984000,63220.0,63395.0,60860.0,61470.0,4781
1636070400,61595.0,62865.0,60905.0,61075.0,3299
1636243200,62910.0,63770.0,62905.0,63765.0,373
1636329600,63745.0,68305.0,63745.0,68020.0,5474
1636416000,67960.0,69000.0,66480.0,67220.0,4995
1636502400,67290.0,69355.0,63020.0,65155.0,7378
1636588800,65065.0,65895.0,64340.0,65025.0,3603
1636675200,65005.0,65720.0,62385.0,64175.0,6397
1636848000,64625.0,65695.0,64425.0,65695.0,262
1636934400,65695.0,66555.0,63415.0,63610.0,4738
1637020800,63320.0,63370.0,58515.0,60095.0,8412
1637107200,60115.0,60890.0,58475.0,60355.0,5724
1637193600,60355.0,61035.0,56430.0,56890.0,8576
1637280000,56985.0,58410.0,55600.0,57830.0,6086
1637452800,59100.0,59455.0,58700.0,58850.0,237
1637539200,58775.0,59645.0,55585.0,56270.0,8242
1637625600,56200.0,57940.0,55375.0,57580.0,6078
1637712000,57655.0,57765.0,55825.0,56985.0,6144
1637798400,57215.0,59470.0,57025.0,59065.0,1341
1637884800,59150.0,59380.0,53625.0,54460.0,670
1638057600,56290.0,57890.0,56290.0,57785.0,506
1638144000,57795.0,59285.0,57100.0,58195.0,5307
1638230400,58180.0,59680.0,56145.0,57265.0,7492
1638316800,57225.0,59545.0,56650.0,57410.0,6281
1638403200,57385.0,57705.0,55990.0,56610.0,5619
1638489600,56720.0,57945.0,51585.0,53675.0,10419
1638662400,49265.0,49650.0,49030.0,49360.0,780
1638748800,49500.0,51000.0,47215.0,50690.0,8289
1638835200,50620.0,52195.0,50310.0,50750.0,4619
1638921600,50690.0,51370.0,48645.0,50650.0,4550
1639008000,50725.0,50940.0,47345.0,47595.0,4931
1639094400,47530.0,50265.0,47325.0,47890.0,5624
1639267200,50205.0,50480.0,50060.0,50130.0,154
1639353600,50125.0,50285.0,45700.0,46740.0,6443
1639440000,46600.0,48700.0,46295.0,48455.0,5479
1639526400,48295.0,49605.0,46570.0,48980.0,8009
1639612800,48985.0,49500.0,47540.0,47620.0,5037
1639699200,47640.0,48010.0,45415.0,46935.0,3972
1639872000,47280.0,47385.0,46500.0,46595.0,202
1639958400,46545.0,47555.0,45515.0,47020.0,3570
1640044800,46940.0,49390.0,46710.0,48940.0,3736
1640131200,48990.0,49635.0,48500.0,48640.0,2606
1640217600,48650.0,51470.0,48035.0,50895.0,4139
1640476800,51040.0,51140.0,50770.0,50885.0,85
1640563200,50875.0,52200.0,50520.0,50700.0,3153
1640649600,50650.0,50675.0,47300.0,47505.0,5000
1640736000,47625.0,48095.0,46050.0,46390.0,3883
1640822400,46405.0,47970.0,45880.0,47120.0,2946
1640908800,47200.0,48590.0,46915.0,47985.0,290
1641081600,47120.0,47585.0,47120.0,47390.0,244
1641168000,47310.0,47660.0,45680.0,46435.0,3788
1641254400,46480.0,47650.0,45485.0,45830.0,4759
1641340800,45880.0,47100.0,43195.0,43395.0,8742
1641427200,43270.0,43720.0,42375.0,43130.0,4881
1641513600,43090.0,43115.0,40470.0,41775.0,8978
1641686400,42205.0,42245.0,41675.0,41810.0,143
1641772800,41845.0,42160.0,39470.0,41795.0,8353
1641859200,41805.0,43155.0,41220.0,42705.0,5973
1641945600,42760.0,44310.0,42455.0,43985.0,3846
1642032000,43870.0,44450.0,42280.0,42425.0,3922
1642118400,42490.0,43445.0,41680.0,43330.0,3915
1642291200,43270.0,43315.0,43065.0,43065.0,120
1642377600,43120.0,43210.0,41600.0,42195.0,2033
1642464000,42185.0,42540.0,41175.0,42320.0,4438
1642550400,42330.0,42615.0,41080.0,41585.0,6229
1642636800,41645.0,43545.0,40395.0,40555.0,7389
1642723200,40545.0,41000.0,36150.0,36725.0,10519
1642896000,35555.0,36580.0,35425.0,36340.0,865
1642982400,36330.0,37600.0,32855.0,36660.0,12787
1643068800,36585.0,37550.0,35725.0,36905.0,5860
1643155200,36985.0,38895.0,36330.0,36805.0,7317
1643241600,36805.0,37210.0,35485.0,36915.0,4707
1643328000,37325.0,37415.0,36215.0,37085.0,636
1643500800,37845.0,38260.0,37765.0,37900.0,273
1643587200,37920.0,38790.0,36620.0,38400.0,3765
1643673600,38460.0,39275.0,38055.0,38720.0,4050
1643760000,38760.0,38860.0,36515.0,36800.0,4293
1643846400,36830.0,37310.0,36235.0,37270.0,4147
1643932800,37245.0,40935.0,36970.0,40750.0,9234
1644105600,41420.0,42735.0,41420.0,42465.0,708
1644192000,42500.0,44615.0,41715.0,43920.0,6619
1644278400,43960.0,45605.0,42780.0,44095.0,5640
1644364800,44130.0,44900.0,43210.0,44455.0,3986
1644451200,44415.0,45905.0,43270.0,43530.0,8436
1644537600,43495.0,44040.0,42075.0,42665.0,5703
1644710400,42470.0,42490.0,42040.0,42080.0,338
1644796800,42135.0,42930.0,41560.0,42610.0,4883
1644883200,42600.0,44860.0,42495.0,44605.0,4023
1644969600,44595.0,44595.0,43350.0,43940.0,3659
1645056000,44035.0,44235.0,40090.0,40550.0,6420
1645142400,40525.0,41000.0,39485.0,39935.0,5659
1645315200,38860.0,38935.0,38305.0,38325.0,155
1645401600,38355.0,39460.0,36885.0,37000.0,4101
1645488000,37015.0,38395.0,36340.0,38230.0,5787
1645574400,38230.0,39235.0,37010.0,37310.0,6336
1645660800,37230.0,39740.0,34295.0,38240.0,9627
1645747200,38275.0,39645.0,38175.0,39290.0,354
1645920000,37860.0,37860.0,37205.0,37635.0,469
1646006400,37645.0,43420.0,37415.0,43285.0,9192
1646092800,43275.0,45110.0,42930.0,44550.0,8160
1646179200,44595.0,45455.0,43420.0,44100.0,6106
1646265600,43930.0,44215.0,41870.0,42500.0,5748
1646352000,42505.0,42540.0,39090.0,39360.0,5316
1646524800,39060.0,39060.0,38135.0,38335.0,171
1646611200,38335.0,39540.0,37180.0,38000.0,5545
1646697600,37985.0,39410.0,37895.0,38715.0,5057
1646784000,38710.0,42715.0,38660.0,42090.0,7332
1646870400,42080.0,42140.0,38555.0,39435.0,5732
1646956800,39430.0,40260.0,38240.0,38835.0,5312
1647129600,38725.0,38785.0,37505.0,37770.0,412
1647216000,37685.0,39935.0,37495.0,39700.0,4052
1647302400,39695.0,39910.0,38085.0,39395.0,4325
1647388800,39375.0,41765.0,38810.0,41235.0,8168
1647475200,41225.0,41520.0,40570.0,40950.0,2302
1647561600,40945.0,42360.0,40180.0,41930.0,4627
1647734400,41445.0,41530.0,41215.0,41285.0,94
1647820800,41310.0,41595.0,40555.0,41000.0,4407
1647907200,41025.0,43490.0,40885.0,42425.0,6589
1647993600,42410.0,43105.0,41815.0,43035.0,4965
1648080000,43010.0,44340.0,42660.0,44050.0,6329
1648166400,43990.0,45170.0,43625.0,44510.0,390
1648339200,46740.0,47185.0,46550.0,47065.0,697
1648425600,47035.0,48475.0,46880.0,47395.0,5415
1648512000,47365.0,48390.0,47205.0,47640.0,4321
1648598400,47585.0,48000.0,46715.0,47200.0,3762
1648684800,47230.0,47875.0,45270.0,45580.0,5342
1648771200,45665.0,46910.0,44345.0,46365.0,5274
1648944000,47225.0,47610.0,46410.0,46600.0,420
1649030400,46500.0,47065.0,45205.0,46830.0,5076
1649116800,46790.0,47445.0,45455.0,45575.0,7180
1649203200,45540.0,45620.0,43100.0,43180.0,6928
1649289600,43125.0,43885.0,42720.0,43430.0,4245
1649376000,43380.0,44090.0,42445.0,42785.0,4902
1649548800,42710.0,42805.0,41920.0,42120.0,300
1649635200,42100.0,42415.0,39190.0,39525.0,5970
1649721600,39525.0,40805.0,39220.0,40090.0,4897
1649808000,40105.0,41590.0,39585.0,41190.0,4607
1649894400,41265.0,41540.0,39565.0,39885.0,2840
1650153600,40150.0,40325.0,39515.0,39670.0,401
1650240000,39625.0,41125.0,38535.0,40835.0,5204
1650326400,40860.0,41820.0,40585.0,41560.0,3510
1650412800,41515.0,42295.0,40895.0,41385.0,3584
1650499200,41365.0,43010.0,39765.0,40500.0,6031
1650585600,40450.0,40815.0,39165.0,39620.0,3838
1650758400,39595.0,39775.0,39455.0,39465.0,87
1650844800,39370.0,40625.0,38190.0,40420.0,5182
1650931200,40485.0,40765.0,37665.0,38080.0,6053
1651017600,38055.0,39475.0,37865.0,39220.0,4051
1651104000,39220.0,40440.0,38900.0,39720.0,3389
1651190400,39840.0,39840.0,38595.0,39000.0,487
1651363200,38350.0,38605.0,38035.0,38340.0,258
1651449600,38565.0,39180.0,38005.0,38480.0,4034
1651536000,38510.0,38635.0,37420.0,37595.0,4763
1651622400,37600.0,40100.0,37560.0,39750.0,7562
1651708800,39765.0,39860.0,35520.0,36470.0,9718
1651795200,36455.0,36595.0,35180.0,36065.0,5392
1651968000,34455.0,34455.0,33900.0,34055.0,318
1652054400,34005.0,34140.0,29960.0,29960.0,12837
1652140800,30065.0,32615.0,29700.0,30945.0,6729
1652227200,30995.0,32140.0,28105.0,28865.0,19209
1652313600,28980.0,30100.0,25350.0,28835.0,14361
1652400000,28865.0,31000.0,28655.0,29785.0,6451
1652572800,31000.0,31400.0,30985.0,31280.0,322
1652659200,31150.0,31180.0,29020.0,29800.0,5877
1652745600,29820.0,30745.0,29420.0,30425.0,7153
1652832000,30405.0,30650.0,28555.0,28585.0,7233
1652918400,28650.0,30510.0,28610.0,30295.0,8242
1653004800,30280.0,30715.0,28635.0,29075.0,8556
1653177600,30010.0,30505.0,29990.0,30295.0,1633
1653264000,30295.0,30680.0,28790.0,29000.0,7761
1653350400,29005.0,29845.0,28570.0,29605.0,7126
1653436800,29635.0,30225.0,29300.0,29555.0,6036
1653523200,29495.0,29865.0,27995.0,29195.0,6922
1653609600,29260.0,29300.0,28630.0,29055.0,457
1653782400,29170.0,29585.0,29110.0,29480.0,821
1653868800,29470.0,31945.0,29295.0,31750.0,6563
1653955200,31780.0,32455.0,31235.0,31835.0,7208
1654041600,31840.0,32020.0,29265.0,29710.0,7803
1654128000,29665.0,30695.0,29490.0,30440.0,6079
1654214400,30400.0,30725.0,29165.0,29570.0,6043
1654387200,29900.0,30035.0,29820.0,29865.0,221
1654473600,29845.0,31805.0,29845.0,31395.0,8971
1654560000,31380.0,31580.0,29130.0,31150.0,12259
1654646400,31145.0,31325.0,29775.0,30145.0,6244
1654732800,30185.0,30665.0,29880.0,30040.0,4134
1654819200,30030.0,31025.0,28740.0,29150.0,7612
1654992000,27355.0,27365.0,26495.0,26510.0,842
1655078400,26505.0,26820.0,21855.0,22375.0,18571
1655164800,22440.0,23290.0,20775.0,22080.0,15447
1655251200,22055.0,22765.0,20025.0,22540.0,19358
1655337600,22535.0,22945.0,20145.0,20325.0,9284
1655424000,20320.0,21315.0,20160.0,20625.0,7332
1655596800,20390.0,20780.0,20285.0,20560.0,707
1655683200,20500.0,21035.0,19600.0,20560.0,4528
1655769600,20555.0,21715.0,20325.0,20685.0,7976
1655856000,20615.0,20890.0,19760.0,19960.0,7798
1655942400,19975.0,21215.0,19890.0,21170.0,5163
1656028800,21110.0,21535.0,20780.0,21215.0,1000
1656201600,21360.0,21360.0,20915.0,21020.0,320
1656288000,21020.0,21530.0,20420.0,20640.0,5564
1656374400,20655.0,21195.0,20115.0,20205.0,5684
1656460800,20225.0,20405.0,19775.0,20080.0,6063
1656547200,20095.0,20125.0,18525.0,19790.0,11004
1656633600,19795.0,20790.0,18910.0,19370.0,9128
1656806400,19270.0,19330.0,19150.0,19245.0,203
1656892800,19270.0,20310.0,18985.0,20215.0,4575
1656979200,20200.0,20740.0,19240.0,20190.0,10451
1657065600,20165.0,20610.0,19730.0,20550.0,5394
1657152000,20560.0,21890.0,20245.0,21630.0,8177
1657238400,21635.0,22550.0,21160.0,21830.0,9120
1657411200,21045.0,21045.0,20620.0,20835.0,1189
1657497600,20770.0,20795.0,19850.0,19935.0,6733
1657584000,19925.0,20005.0,19170.0,19230.0,7178
1657670400,19275.0,20325.0,18830.0,20175.0,12279
1657756800,20160.0,20885.0,19585.0,20590.0,10234
1657843200,20575.0,21215.0,20360.0,20955.0,6035
1658016000,21080.0,21100.0,20750.0,20760.0,282
1658102400,20790.0,22785.0,20780.0,22475.0,10085
1658188800,22455.0,23725.0,21575.0,23430.0,10985
1658275200,23445.0,24300.0,22930.0,23255.0,9825
1658361600,23235.0,23435.0,22365.0,23190.0,6788
1658448000,23175.0,23800.0,22540.0,22640.0,6036
1658620800,22830.0,23035.0,22540.0,22585.0,259
1658707200,22585.0,22680.0,21250.0,21310.0,7695
1658793600,21305.0,21350.0,20715.0,21265.0,6523
1658880000,21265.0,23120.0,21055.0,22985.0,8179
1658966400,22995.0,24230.0,22620.0,23800.0,7263
1659052800,23865.0,24490.0,23460.0,24075.0,464
1659225600,23655.0,23685.0,23310.0,23405.0,799
1659312000,23360.0,23585.0,22895.0,23350.0,5050
1659398400,23330.0,23510.0,22685.0,23025.0,5102
1659484800,23040.0,23705.0,22520.0,22875.0,6520
1659571200,22840.0,23265.0,22405.0,22625.0,7082
1659657600,22610.0,23555.0,22605.0,22975.0,8447
1659830400,23310.0,23350.0,23085.0,23195.0,228
1659916800,23190.0,24355.0,23175.0,23840.0,7526
1660003200,23845.0,23950.0,22850.0,23135.0,7787
1660089600,23145.0,24240.0,22630.0,24005.0,9257
1660176000,23990.0,24980.0,23890.0,23955.0,9254
1660262400,23965.0,24315.0,23600.0,24275.0,4424
1660435200,24360.0,24415.0,24240.0,24315.0,244
1660521600,24330.0,25270.0,23795.0,24085.0,7108
1660608000,24115.0,24265.0,23640.0,23900.0,4857
1660694400,23855.0,24465.0,23145.0,23290.0,8259
1660780800,23290.0,23590.0,23085.0,23165.0,3856
1660867200,23135.0,23160.0,21035.0,21180.0,10558
1661040000,21420.0,21595.0,21200.0,21440.0,203
1661126400,21420.0,21450.0,20805.0,21310.0,4947
1661212800,21340.0,21660.0,20790.0,21480.0,5425
1661299200,21510.0,21900.0,21125.0,21355.0,5640
1661385600,21350.0,21810.0,21290.0,21570.0,3645
1661472000,21505.0,21865.0,21035.0,21415.0,459
1661644800,19890.0,19890.0,19345.0,19375.0,802
1661731200,19405.0,20315.0,19360.0,20185.0,7105
1661817600,20180.0,20630.0,19345.0,19650.0,7135
1661904000,19655.0,20400.0,19655.0,19885.0,7021
1661990400,19860.0,20065.0,19310.0,19990.0,7018
1662076800,19970.0,20390.0,19555.0,19870.0,9032
1662249600,19745.0,19895.0,19690.0,19875.0,234
1662336000,19870.0,19935.0,19485.0,19665.0,2878
1662422400,19665.0,20080.0,18480.0,18615.0,12078
1662508800,18625.0,19365.0,18360.0,19210.0,6957
1662595200,19235.0,19400.0,18905.0,19255.0,7260
1662681600,19250.0,21485.0,19220.0,21305.0,15545
1662854400,21500.0,21880.0,21500.0,21870.0,567
1662940800,21885.0,22530.0,21565.0,22410.0,8116
1663027200,22390.0,22875.0,20050.0,20140.0,14996
1663113600,20110.0,20500.0,19585.0,20185.0,7549
1663200000,20165.0,20300.0,19450.0,19650.0,6728
1663286400,19645.0,19865.0,19275.0,19695.0,6349
1663459200,19490.0,19490.0,19280.0,19340.0,278
1663545600,19345.0,19640.0,18195.0,19530.0,11980
1663632000,19540.0,19635.0,18690.0,18840.0,8463
1663718400,18905.0,19885.0,18085.0,18385.0,15440
1663804800,18380.0,19495.0,18300.0,19390.0,8256
1663891200,19400.0,19485.0,18455.0,18815.0,8004
1664064000,18700.0,18865.0,18545.0,18750.0,425
1664150400,18770.0,19300.0,18650.0,19215.0,8043
1664236800,19215.0,20400.0,18775.0,19050.0,14170
1664323200,19040.0,19700.0,18440.0,19425.0,9595
1664409600,19445.0,19645.0,18820.0,19520.0,6202
1664496000,19520.0,19725.0,19185.0,19695.0,280
1664668800,19190.0,19215.0,18785.0,18925.0,1686
1664755200,18930.0,19740.0,18840.0,19645.0,10426
1664841600,19650.0,20535.0,19515.0,20410.0,11142
1664928000,20405.0,20430.0,19740.0,20195.0,9558
1665014400,20195.0,20515.0,19850.0,19960.0,9173
1665100800,19965.0,20080.0,19260.0,19460.0,10512
1665273600,19390.0,19390.0,19280.0,19365.0,319
1665360000,19360.0,19465.0,18935.0,19050.0,7235
1665446400,19025.0,19225.0,18760.0,18985.0,8925
1665532800,18990.0,19185.0,18900.0,19100.0,5117
1665619200,19100.0,19575.0,17810.0,19405.0,23411
1665705600,19390.0,19975.0,19065.0,19155.0,13128
1665878400,19070.0,19330.0,19070.0,19210.0,567
1665964800,19210.0,19680.0,19110.0,19550.0,6837
1666051200,19575.0,19715.0,19045.0,19290.0,8557
1666137600,19300.0,19315.0,19035.0,19110.0,5431
1666224000,19100.0,19340.0,18875.0,19000.0,9122
1666310400,19005.0,19250.0,18615.0,19180.0,9836
1666483200,19470.0,19695.0,19470.0,19595.0,680
1666569600,19590.0,19615.0,19130.0,19320.0,7706
1666656000,19320.0,20445.0,19230.0,20130.0,14080
1666742400,20145.0,21055.0,20085.0,20800.0,11085
1666828800,20775.0,20910.0,20230.0,20285.0,5657
1666915200,20225.0,20560.0,19965.0,20480.0,447
1667088000,20715.0,20745.0,20550.0,20675.0,142
1667174400,20670.0,20890.0,20220.0,20510.0,7001
1667260800,20505.0,20725.0,20320.0,20505.0,4562
1667347200,20490.0,20870.0,20035.0,20130.0,9523
1667433600,20130.0,20415.0,20030.0,20225.0,6477
1667520000,20245.0,21400.0,20225.0,21235.0,15990
1667692800,21200.0,21215.0,20950.0,20980.0,243
1667779200,20965.0,21120.0,20470.0,20630.0,5873
1667865600,20605.0,20700.0,16835.0,18445.0,44566
1667952000,18440.0,18500.0,14925.0,15565.0,28034
1668038400,15550.0,17935.0,15385.0,17155.0,16432
1668124800,17175.0,17260.0,15715.0,16080.0,11302
1668297600,15870.0,16070.0,15710.0,15765.0,175
1668384000,15750.0,16740.0,15250.0,16285.0,6759
1668470400,16265.0,16990.0,16190.0,16710.0,6621
1668556800,16730.0,16855.0,16015.0,16400.0,6503
1668643200,16395.0,16610.0,16115.0,16525.0,5001
1668729600,16530.0,16880.0,16365.0,16555.0,3673
1668902400,16155.0,16225.0,16020.0,16145.0,229
1668988800,16125.0,16265.0,15355.0,15695.0,8074
1669075200,15695.0,16295.0,15515.0,16100.0,5903
1669161600,16130.0,16705.0,16095.0,16580.0,3875
1669248000,16595.0,16805.0,16450.0,16515.0,829
1669334400,16540.0,16725.0,16340.0,16515.0,251
1669507200,16335.0,16375.0,16160.0,16190.0,177
1669593600,16205.0,16265.0,15630.0,15965.0,6520
1669680000,15950.0,16410.0,15880.0,16185.0,4482
1669766400,16195.0,17195.0,16170.0,17135.0,7834
1669852800,17125.0,17235.0,16760.0,16865.0,5524
1669939200,16870.0,17055.0,16055.0,16925.0,3652
1670112000,17020.0,17230.0,17020.0,17060.0,79
1670198400,17065.0,17435.0,16750.0,16865.0,6168
1670284800,16875.0,17060.0,16800.0,17050.0,3575
1670371200,17040.0,17090.0,16580.0,16750.0,3761
1670457600,16745.0,17320.0,16665.0,17225.0,6863
1670544000,17230.0,17355.0,17005.0,17085.0,4236
1670716800,17080.0,17090.0,17015.0,17020.0,116
1670803200,17015.0,17245.0,16820.0,17205.0,4021
1670889600,17205.0,18125.0,17050.0,17755.0,8803
1670976000,17765.0,18420.0,17680.0,17820.0,7560
1671062400,17820.0,17875.0,17260.0,17315.0,5088
1671148800,17330.0,17525.0,16675.0,16730.0,6982
1671321600,16690.0,16770.0,16395.0,16660.0,195
1671408000,16680.0,16745.0,16275.0,16355.0,4131
1671494400,16355.0,17095.0,16300.0,16865.0,5238
1671580800,16860.0,16885.0,16670.0,16765.0,1820
1671667200,16765.0,16850.0,16460.0,16765.0,4675
1671753600,16775.0,16910.0,16695.0,16780.0,2392
1672012800,16825.0,16925.0,16790.0,16920.0,123
1672099200,16910.0,16950.0,16515.0,16630.0,3209
1672185600,16645.0,16760.0,16420.0,16510.0,4195
1672272000,16510.0,16640.0,16435.0,16615.0,2363
1672358400,16610.0,16625.0,16285.0,16500.0,282
1672617600,16675.0,16725.0,16640.0,16655.0,239
1672704000,16645.0,16765.0,16525.0,16625.0,3843
1672790400,16630.0,17015.0,16610.0,16820.0,7237
1672876800,16825.0,16890.0,16715.0,16820.0,3347
1672963200,16820.0,17085.0,16645.0,16910.0,6034
1673136000,16980.0,17190.0,16955.0,17140.0,171
1673222400,17150.0,17440.0,17135.0,17180.0,7243
1673308800,17180.0,17555.0,17170.0,17505.0,4881
1673395200,17510.0,18045.0,17330.0,18015.0,5077
1673481600,18015.0,19200.0,17965.0,18945.0,13159
1673568000,18950.0,19995.0,18785.0,19895.0,6762
1673740800,20985.0,21160.0,20920.0,20970.0,407
1673827200,20965.0,21600.0,20690.0,21255.0,4823
1673913600,21250.0,21725.0,20910.0,21215.0,6906
1674000000,21220.0,21795.0,20460.0,20765.0,12554
1674086400,20765.0,21275.0,20730.0,21195.0,4831
1674172800,21155.0,22525.0,20935.0,22390.0,7866
1674345600,22605.0,22845.0,22605.0,22775.0,123
1674432000,22770.0,23240.0,22585.0,22965.0,7507
1674518400,22975.0,23210.0,22485.0,22670.0,5081
1674604800,22635.0,23770.0,22345.0,23070.0,5157
1674691200,23120.0,23285.0,22835.0,22980.0,5047
1674777600,23015.0,23090.0,22545.0,23030.0,890
1674950400,23900.0,24080.0,23900.0,23930.0,163
1675036800,23920.0,23985.0,22715.0,22980.0,5683
1675123200,22970.0,23410.0,22865.0,23275.0,3457
1675209600,23275.0,23965.0,22905.0,23905.0,5415
1675296000,23930.0,24450.0,23550.0,23630.0,7455
1675382400,23675.0,23890.0,23340.0,23545.0,6051
1675555200,23100.0,23120.0,23030.0,23045.0,182
1675641600,23045.0,23275.0,22725.0,22860.0,4763
1675728000,22865.0,23460.0,22825.0,23340.0,5428
1675814400,23340.0,23540.0,22695.0,23040.0,5347
1675900800,23050.0,23085.0,21720.0,21825.0,10176
1675987200,21835.0,21970.0,21505.0,21610.0,5837
1676160000,21820.0,21880.0,21755.0,21825.0,251
1676246400,21825.0,21930.0,21380.0,21820.0,7061
1676332800,21820.0,22375.0,21575.0,22275.0,8340
1676419200,22265.0,24500.0,22100.0,24450.0,10886
1676505600,24465.0,25345.0,23580.0,23600.0,15977
1676592000,23595.0,25095.0,23430.0,24535.0,9646
1676764800,24505.0,24565.0,24255.0,24355.0,275
1676851200,24345.0,25175.0,23905.0,24900.0,5574
1676937600,24885.0,25335.0,24170.0,24435.0,8460
1677024000,24465.0,24495.0,23590.0,24205.0,8737
1677110400,24205.0,24610.0,23620.0,23935.0,6379
1677196800,23925.0,24100.0,23560.0,23570.0,747
1677369600,23565.0,23775.0,23560.0,23660.0,205
1677456000,23670.0,24060.0,23235.0,23610.0,6263
1677542400,23610.0,23780.0,23150.0,23255.0,4872
1677628800,23260.0,24165.0,23140.0,23770.0,6292
1677715200,23770.0,23925.0,23300.0,23600.0,4485
1677801600,23595.0,23595.0,22020.0,22240.0,11633
1677974400,22455.0,22490.0,22400.0,22455.0,138
1678060800,22455.0,22665.0,22300.0,22435.0,4496
1678147200,22445.0,22600.0,21940.0,22210.0,6612
1678233600,22200.0,22300.0,21605.0,21725.0,6377
1678320000,21710.0,21825.0,19960.0,20330.0,13257
1678406400,20305.0,20310.0,19520.0,20090.0,12780
1678579200,21250.0,22190.0,21110.0,22030.0,2750
1678665600,22025.0,24620.0,21825.0,24205.0,24550
1678752000,24235.0,26615.0,24095.0,24835.0,16119
1678838400,24840.0,25440.0,24005.0,24430.0,13301
1678924800,24415.0,25300.0,24250.0,25130.0,6191
1679011200,25110.0,27155.0,25000.0,26935.0,12164
1679184000,28095.0,28490.0,27955.0,28155.0,999
1679270400,28165.0,28715.0,27320.0,27880.0,8613
1679356800,27915.0,28680.0,27555.0,28260.0,6082
1679443200,28260.0,29045.0,26700.0,27370.0,10692
1679529600,27345.0,28935.0,27205.0,28430.0,10822
1679616000,28425.0,28490.0,27480.0,27705.0,5006
1679788800,27960.0,28240.0,27880.0,28070.0,293
1679875200,28040.0,28125.0,26520.0,27165.0,8372
1679961600,27160.0,27545.0,26650.0,27280.0,5374
1680048000,27320.0,28685.0,27295.0,28350.0,5697
1680134400,28360.0,29220.0,27680.0,28000.0,5721
1680220800,28060.0,28625.0,27620.0,28475.0,621
1680393600,28540.0,28540.0,27995.0,28440.0,297
1680480000,28405.0,28775.0,27595.0,27960.0,7842
1680566400,27965.0,28650.0,27855.0,28330.0,6467
1680652800,28335.0,28985.0,27935.0,28330.0,8057
1680739200,28280.0,28335.0,27765.0,28160.0,5124
1680825600,28155.0,28215.0,27870.0,28070.0,1244
1680998400,28505.0,28720.0,28435.0,28460.0,476
1681084800,28475.0,30000.0,28265.0,29900.0,9462
1681171200,29905.0,30775.0,29860.0,30420.0,7797
1681257600,30405.0,30710.0,29800.0,30010.0,5930
1681344000,30015.0,30900.0,29965.0,30515.0,5648
1681430400,30515.0,31200.0,30065.0,30610.0,6986
1681603200,30585.0,30585.0,30380.0,30420.0,194
1681689600,30430.0,30435.0,29285.0,29500.0,6623
1681776000,29505.0,30590.0,29145.0,30485.0,5446
1681862400,30455.0,30495.0,28505.0,28880.0,8434
1681948800,28845.0,29100.0,27985.0,28255.0,6043
1682035200,28250.0,28360.0,27195.0,27285.0,5470
1682208000,27425.0,27645.0,27410.0,27595.0,114
1682294400,27580.0,28010.0,26980.0,27535.0,4379
1682380800,27520.0,28385.0,27195.0,28315.0,4193
1682467200,28300.0,30050.0,27250.0,28425.0,10095
1682553600,28395.0,29920.0,28370.0,29470.0,6690
1682640000,29490.0,29575.0,28890.0,29180.0,566
1682812800,29615.0,29615.0,29350.0,29390.0,224
1682899200,29405.0,29490.0,27710.0,28140.0,8530
1682985600,28135.0,29055.0,27955.0,28800.0,6709
1683072000,28830.0,29380.0,28180.0,29145.0,6626
1683158400,29170.0,29525.0,28775.0,28950.0,6065
1683244800,28970.0,29910.0,28945.0,29725.0,7993
1683417600,29105.0,29110.0,28515.0,28560.0,951
1683504000,28520.0,28765.0,27320.0,27710.0,10921
1683590400,27705.0,27875.0,27400.0,27695.0,4822
1683676800,27705.0,28415.0,26745.0,27650.0,11860
1683763200,27680.0,27705.0,26730.0,26975.0,7443
1683849600,26980.0,27085.0,25840.0,26450.0,7200
1684022400,26885.0,26980.0,26880.0,26970.0,192
1684108800,26965.0,27740.0,26770.0,27210.0,5682
1684195200,27195.0,27350.0,26905.0,27065.0,3949
1684281600,27060.0,27520.0,26540.0,27440.0,6384
1684368000,27450.0,27545.0,26375.0,26855.0,7354
1684454400,26850.0,27235.0,26675.0,26865.0,4440
1684627200,26825.0,26925.0,26750.0,26770.0,117
1684713600,26755.0,27160.0,26540.0,26860.0,4511
1684800000,26870.0,27565.0,26800.0,27230.0,5683
1684886400,27230.0,27235.0,26015.0,26330.0,9816
1684972800,26330.0,26645.0,25805.0,26490.0,6355
1685059200,26490.0,26825.0,26330.0,26750.0,429
1685232000,27915.0,28515.0,27915.0,28295.0,1047
1685318400,28300.0,28665.0,27700.0,27905.0,3636
1685404800,27900.0,28275.0,27700.0,27895.0,5383
1685491200,27880.0,28040.0,26910.0,27290.0,8861
1685577600,27305.0,27440.0,26675.0,26865.0,5027
1685664000,26865.0,27440.0,26560.0,27320.0,6820
1685836800,27335.0,27615.0,27145.0,27205.0,593
1685923200,27185.0,27210.0,25390.0,25740.0,13292
1686009600,25745.0,27505.0,25315.0,27345.0,14502
1686096000,27350.0,27525.0,26200.0,26455.0,6694
1686182400,26440.0,26955.0,26325.0,26605.0,3873
1686268800,26605.0,26920.0,26380.0,26535.0,4236
1686441600,26155.0,26155.0,25815.0,25990.0,327
1686528000,26000.0,26190.0,25670.0,25960.0,4694
1686614400,25960.0,26555.0,25725.0,25940.0,5142
1686700800,25950.0,26155.0,24815.0,25110.0,6354
1686787200,25105.0,25665.0,24745.0,25615.0,9745
1686873600,25560.0,26600.0,25145.0,26445.0,9719
1687046400,26485.0,26500.0,26310.0,26405.0,274
1687132800,26385.0,27130.0,26310.0,26910.0,2299
1687219200,26925.0,28595.0,26700.0,28495.0,14369
1687305600,28490.0,30940.0,28450.0,30185.0,17443
1687392000,30190.0,30685.0,29740.0,30050.0,9617
1687478400,30060.0,31655.0,29975.0,31200.0,11164
1687651200,30690.0,30740.0,30555.0,30665.0,243
1687737600,30660.0,30800.0,30000.0,30335.0,5196
1687824000,30330.0,31115.0,30280.0,30725.0,5656
1687910400,30730.0,30745.0,29870.0,30100.0,6787
1687996800,30095.0,30870.0,30055.0,30410.0,6293
1688083200,30440.0,31255.0,29625.0,30125.0,695
1688256000,30850.0,31145.0,30735.0,30915.0,497
1688342400,30915.0,31835.0,30865.0,31610.0,6107
1688428800,31605.0,31725.0,30935.0,31065.0,2161
1688515200,31060.0,31195.0,30420.0,30750.0,7133
1688601600,30760.0,31860.0,30020.0,30075.0,10978
1688688000,30050.0,30685.0,29875.0,30400.0,6084
1688860800,30290.0,30345.0,30205.0,30315.0,177
1688947200,30310.0,31260.0,30075.0,30585.0,5912
1689033600,30570.0,31000.0,30400.0,30800.0,5769
1689120000,30810.0,31190.0,30325.0,30505.0,10178
1689206400,30500.0,32165.0,30360.0,31705.0,14518
1689292800,31720.0,31910.0,30025.0,30330.0,11051
1689465600,30415.0,30495.0,30230.0,30330.0,233
1689552000,30325.0,30425.0,29740.0,30210.0,5862
1689638400,30225.0,30325.0,29535.0,29920.0,5514
1689724800,29925.0,30275.0,29775.0,29945.0,4759
1689811200,29945.0,30515.0,29560.0,29825.0,8742
1689897600,29830.0,30120.0,29735.0,29880.0,3841
1690070400,29960.0,30120.0,29955.0,30110.0,174
1690156800,30115.0,30135.0,28810.0,29180.0,10387
1690243200,29175.0,29390.0,29055.0,29220.0,3838
1690329600,29225.0,29690.0,29075.0,29340.0,4758
1690416000,29345.0,29575.0,29035.0,29195.0,4001
1690502400,29190.0,29420.0,29080.0,29390.0,439
1690675200,29390.0,29465.0,29325.0,29465.0,240
1690761600,29470.0,29760.0,29255.0,29360.0,5191
1690848000,29355.0,29925.0,28625.0,29910.0,10892
1690934400,29910.0,30245.0,28980.0,29285.0,9839
1691020800,29295.0,29600.0,29060.0,29330.0,4328
1691107200,29310.0,29490.0,28860.0,29045.0,4936
1691280000,29125.0,29245.0,29125.0,29140.0,135
1691366400,29135.0,29500.0,28720.0,29310.0,6271
1691452800,29315.0,30260.0,29235.0,29965.0,10603
1691539200,29980.0,30275.0,29460.0,29685.0,6870
1691625600,29680.0,29855.0,29390.0,29515.0,3914
1691712000,29510.0,29680.0,29310.0,29520.0,4710
1691884800,29450.0,29450.0,29325.0,29345.0,86
1691971200,29340.0,29810.0,29095.0,29490.0,7615
1692057600,29485.0,29595.0,29115.0,29225.0,4223
1692144000,29215.0,29305.0,28705.0,28715.0,5520
1692230400,28715.0,28770.0,25925.0,26630.0,15126
1692316800,26620.0,26815.0,25600.0,26070.0,8361
1692489600,26195.0,26220.0,26135.0,26170.0,96
1692576000,26165.0,26195.0,25795.0,26100.0,4580
1692662400,26110.0,26120.0,25585.0,26025.0,4084
1692748800,26025.0,26810.0,25780.0,26430.0,6355
1692835200,26435.0,26560.0,25805.0,26165.0,4155
1692921600,26120.0,26190.0,25945.0,26005.0,398
1693094400,26210.0,26240.0,26075.0,26220.0,123
1693180800,26215.0,26360.0,25930.0,26220.0,3113
1693267200,26205.0,28335.0,25980.0,27900.0,19364
1693353600,27905.0,27955.0,27130.0,27450.0,6645
1693440000,27400.0,27705.0,25945.0,25985.0,10279
1693526400,25985.0,26225.0,25400.0,25850.0,6135
1693699200,25985.0,26040.0,25955.0,26010.0,115
1693785600,26030.0,26170.0,25685.0,25875.0,1426
1693872000,25860.0,25965.0,25580.0,25845.0,3030
1693958400,25835.0,26140.0,25335.0,25785.0,5007
1694044800,25795.0,26545.0,25630.0,26375.0,4409
1694131200,26380.0,26560.0,25690.0,26005.0,4987
1694304000,25930.0,26120.0,25900.0,25930.0,123
1694390400,25920.0,26000.0,24925.0,25180.0,8342
1694476800,25175.0,26685.0,25155.0,25910.0,10652
1694563200,25930.0,26520.0,25845.0,26295.0,5001
1694649600,26290.0,26955.0,26215.0,26620.0,5706
1694736000,26605.0,26780.0,26265.0,26480.0,3746
1694908800,26560.0,26590.0,26480.0,26580.0,241
1694995200,26595.0,27550.0,26425.0,26815.0,10261
1695081600,26810.0,27620.0,26715.0,27285.0,7847
1695168000,27265.0,27455.0,26845.0,27180.0,4841
1695254400,27190.0,27230.0,26380.0,26625.0,6300
1695340800,26620.0,26815.0,26525.0,26540.0,2924
1695513600,26545.0,26545.0,26085.0,26255.0,578
1695600000,26250.0,26475.0,25985.0,26330.0,5884
1695686400,26305.0,26430.0,26090.0,26215.0,3870
1695772800,26230.0,26890.0,26080.0,26370.0,7866
1695859200,26365.0,27370.0,26325.0,27015.0,5866
1695945600,27015.0,27225.0,26750.0,26880.0,564
1696118400,27190.0,28615.0,27190.0,28220.0,1707
1696204800,28215.0,28950.0,27455.0,27655.0,15888
1696291200,27660.0,27805.0,27290.0,27545.0,7192
1696377600,27540.0,28015.0,27270.0,27940.0,5382
1696464000,27950.0,28340.0,27465.0,27530.0,9985
1696550400,27530.0,28275.0,27290.0,28160.0,8909
1696723200,28085.0,28145.0,27970.0,28085.0,287
1696809600,28080.0,28135.0,27370.0,27720.0,6962
1696896000,27730.0,27890.0,27390.0,27525.0,5922
1696982400,27495.0,27590.0,26575.0,26940.0,10122
1697068800,26940.0,27025.0,26575.0,26805.0,4054
1697155200,26830.0,27160.0,26695.0,27045.0,4517
1697328000,27275.0,27430.0,27145.0,27265.0,929
1697414400,27265.0,30365.0,27220.0,28640.0,25323
1697500800,28660.0,28765.0,28245.0,28535.0,5963
1697587200,28525.0,29120.0,28215.0,28410.0,4349
1697673600,28380.0,29095.0,28175.0,28860.0,7151
1697760000,28860.0,30465.0,28700.0,29690.0,8604
1697932800,29860.0,30170.0,29840.0,30085.0,283
1698019200,30090.0,34790.0,29965.0,33130.0,14413
1698105600,33160.0,35265.0,32895.0,33930.0,17368
1698192000,33955.0,35245.0,33745.0,34530.0,7791
1698278400,34535.0,34940.0,33760.0,34190.0,6151
1698364800,34185.0,34280.0,33835.0,33970.0,586
1698537600,34785.0,35090.0,34750.0,34825.0,259
1698624000,34835.0,35175.0,34330.0,34780.0,6071
1698710400,34780.0,35120.0,34295.0,35070.0,6056
1698796800,35080.0,36005.0,34310.0,35915.0,9189
1698883200,35930.0,36575.0,34590.0,35250.0,9269
1698969600,35250.0,35265.0,34395.0,34890.0,6383
1699142400,35310.0,35820.0,35310.0,35385.0,714
1699228800,35375.0,35625.0,35030.0,35325.0,4043
1699315200,35310.0,36340.0,34755.0,35765.0,7652
1699401600,35760.0,36455.0,35300.0,35965.0,7360
1699488000,35950.0,38380.0,35865.0,36955.0,14867
1699574400,36950.0,37875.0,36605.0,37565.0,7367
1699747200,37510.0,37540.0,37235.0,37345.0,224
1699833600,37340.0,37720.0,36505.0,36705.0,5922
1699920000,36635.0,36975.0,34820.0,35605.0,9751
1700006400,35620.0,38285.0,35490.0,38175.0,11724
1700092800,38190.0,38250.0,35610.0,36250.0,10277
1700179200,36235.0,37045.0,35945.0,36495.0,7071
1700352000,37075.0,37680.0,37075.0,37530.0,880
1700438400,37530.0,37865.0,36745.0,37545.0,8327
1700524800,37535.0,37745.0,35750.0,35765.0,12554
1700611200,35720.0,37925.0,35600.0,37470.0,6150
1700697600,37470.0,37705.0,36890.0,37310.0,1131
1700784000,37390.0,38195.0,37325.0,38115.0,480
1700956800,38365.0,38365.0,37690.0,37880.0,1548
1701043200,37870.0,38050.0,37100.0,37675.0,6853
1701129600,37695.0,39250.0,37300.0,38460.0,12119
1701216000,38480.0,39105.0,38005.0,38350.0,8646
1701302400,38335.0,38650.0,37870.0,38170.0,5947
1701388800,38160.0,39640.0,38055.0,39290.0,11323
1701561600,40480.0,40680.0,40325.0,40520.0,601
1701648000,40525.0,42715.0,40525.0,42410.0,12319
1701734400,42385.0,44770.0,41810.0,44565.0,9741
1701820800,44530.0,44775.0,43815.0,44185.0,8663
1701907200,44195.0,44555.0,43355.0,43740.0,7594
1701993600,43745.0,45260.0,43515.0,45030.0,6509
1702166400,44320.0,44320.0,43985.0,44170.0,249
1702252800,44175.0,44195.0,40450.0,41485.0,13902
1702339200,41450.0,42295.0,40895.0,41660.0,6610
1702425600,41685.0,43505.0,40800.0,43245.0,7319
1702512000,43245.0,43710.0,41935.0,43250.0,7165
1702598400,43265.0,43320.0,41855.0,42450.0,5818
1702771200,41950.0,41950.0,41430.0,41505.0,350
1702857600,41505.0,43000.0,40705.0,42895.0,6366
1702944000,42910.0,43670.0,41905.0,42400.0,7944
1703030400,42390.0,44585.0,42305.0,43785.0,8331
1703116800,43790.0,44465.0,43470.0,44025.0,6463
1703203200,44050.0,44640.0,43495.0,43815.0,4877
1703462400,43740.0,43760.0,43455.0,43620.0,330
1703548800,43630.0,43630.0,41645.0,42515.0,5887
1703635200,42525.0,43685.0,42150.0,43510.0,4786
1703721600,43530.0,43895.0,42265.0,42610.0,3403
1703808000,42715.0,43115.0,42215.0,42670.0,370
1704067200,43965.0,45740.0,43965.0,45655.0,2659
1704153600,45660.0,47095.0,45200.0,45415.0,16257
1704240000,45425.0,46015.0,41110.0,43265.0,13880
1704326400,43250.0,45425.0,43005.0,44625.0,7567
1704412800,44660.0,44805.0,43160.0,44390.0,5566
1704585600,44300.0,44485.0,44050.0,44305.0,321
1704672000,44295.0,47800.0,43490.0,47525.0,12296
1704758400,47525.0,48500.0,45270.0,46370.0,12240
1704844800,46350.0,47970.0,44505.0,46900.0,17710
1704931200,46880.0,49435.0,45700.0,46480.0,23732
1705017600,46490.0,46685.0,43165.0,43425.0,18298
1705190400,42365.0,42365.0,41705.0,41730.0,370
1705276800,41740.0,43380.0,41720.0,42505.0,2956
1705363200,42530.0,43675.0,42095.0,43220.0,10013
1705449600,43235.0,43260.0,42215.0,42815.0,6734
1705536000,42790.0,42945.0,40590.0,41175.0,11682
1705622400,41230.0,42165.0,40300.0,41575.0,9144
1705795200,41600.0,41665.0,41460.0,41530.0,69
1705881600,41540.0,41655.0,39345.0,39465.0,10238
1705968000,39495.0,40170.0,38540.0,39910.0,8268
1706054400,39880.0,40540.0,39515.0,40115.0,6848
1706140800,40110.0,40315.0,39545.0,39935.0,3198
1706227200,39940.0,41565.0,39840.0,41345.0,1099
1706400000,42190.0,42445.0,42040.0,42375.0,147
1706486400,42420.0,43695.0,42080.0,43660.0,6669
1706572800,43655.0,44255.0,43060.0,43295.0,6652
1706659200,43275.0,44120.0,42575.0,42855.0,7183
1706745600,42870.0,43600.0,42100.0,43415.0,6084
1706832000,43435.0,43785.0,42810.0,43220.0,4412
1707004800,42790.0,42935.0,42340.0,42790.0,181
1707091200,42790.0,43810.0,42420.0,42845.0,6390
1707177600,42840.0,43645.0,42720.0,43350.0,4428
1707264000,43340.0,44695.0,42930.0,44655.0,7136
1707350400,44690.0,45885.0,44660.0,45575.0,7781
1707436800,45595.0,48505.0,45550.0,47810.0,10186
1707609600,48460.0,48645.0,48370.0,48640.0,138
1707696000,48650.0,50675.0,47950.0,50240.0,8139
1707782400,50220.0,50730.0,48600.0,50025.0,8564
1707868800,50005.0,52390.0,49535.0,52090.0,8963
1707955200,52100.0,53145.0,51605.0,52250.0,7206
1708041600,52235.0,52855.0,51825.0,52190.0,6233
1708214400,52425.0,52600.0,52185.0,52280.0,125
1708300800,52325.0,52680.0,51785.0,51895.0,1916
1708387200,51875.0,53200.0,50830.0,52385.0,7409
1708473600,52405.0,52470.0,50630.0,51910.0,6636
1708560000,51935.0,52175.0,50935.0,51340.0,3750
1708646400,51240.0,51465.0,50760.0,50945.0,535
1708819200,52320.0,52640.0,52320.0,52520.0,155
1708905600,52575.0,55740.0,51460.0,55295.0,10823
1708992000,55330.0,58335.0,55250.0,57830.0,12168
1709078400,57805.0,64990.0,57350.0,63160.0,21834
1709164800,63085.0,64325.0,60975.0,61770.0,14939
1709251200,61820.0,64065.0,61490.0,63405.0,8853
1709424000,63760.0,64020.0,63570.0,64000.0,177
1709510400,63980.0,69460.0,63055.0,69045.0,12830
1709596800,69000.0,70195.0,60120.0,64255.0,22559
1709683200,64320.0,68200.0,63385.0,66705.0,11885
1709769600,66630.0,68840.0,66060.0,67620.0,7141
1709856000,67520.0,71055.0,66755.0,69030.0,10048
1710028800,69660.0,69880.0,68950.0,69620.0,327
1710115200,69550.0,73605.0,67550.0,72820.0,11701
1710201600,72785.0,73775.0,69125.0,72060.0,11906
1710288000,72045.0,74365.0,71905.0,73725.0,6441
1710374400,73700.0,74415.0,68805.0,71705.0,10946
1710460800,71730.0,72870.0,66125.0,68215.0,13768
1710633600,68480.0,69275.0,68350.0,68740.0,473
1710720000,68635.0,69265.0,66830.0,67810.0,6902
1710806400,67825.0,68385.0,61720.0,62280.0,12348
1710892800,62175.0,68400.0,61020.0,68095.0,11914
1710979200,68130.0,68360.0,64600.0,65575.0,9183
1711065600,65585.0,66750.0,62655.0,63600.0,7527
1711238400,66505.0,67755.0,66495.0,67290.0,442
1711324800,67335.0,71425.0,66390.0,70090.0,10560
1711411200,70090.0,71595.0,69330.0,70025.0,7110
1711497600,69935.0,71765.0,68305.0,69540.0,5867
1711584000,69375.0,71570.0,68910.0,71290.0,1002
1711843200,71500.0,72230.0,71500.0,72205.0,280
1711929600,72125.0,72185.0,68590.0,70330.0,6634
1712016000,70345.0,70355.0,65000.0,65825.0,9674
1712102400,65835.0,67455.0,64910.0,66405.0,5730
1712188800,66370.0,69910.0,65425.0,68945.0,8448
1712275200,68900.0,69160.0,66300.0,68040.0,7435
1712448000,69105.0,69900.0,69080.0,69765.0,183
1712534400,69730.0,73380.0,69495.0,72025.0,8761
1712620800,71995.0,72095.0,68545.0,69405.0,8765
1712707200,69385.0,71560.0,67770.0,71020.0,9564
1712793600,71100.0,71770.0,69850.0,70380.0,6097
1712880000,70355.0,71805.0,65375.0,67445.0,12909
1713052800,64100.0,66270.0,63705.0,66145.0,1541
1713139200,66155.0,67215.0,62560.0,63670.0,12502
1713225600,63590.0,64235.0,61895.0,63990.0,8477
1713312000,63965.0,64665.0,59705.0,61325.0,13431
1713398400,61330.0,64390.0,61005.0,63590.0,10034
1713484800,63595.0,65640.0,59635.0,64150.0,9702
1713657600,64695.0,65115.0,64590.0,64945.0,119
1713744000,64975.0,67340.0,64495.0,66885.0,6356
1713830400,66900.0,67240.0,65795.0,66385.0,4117
1713916800,66585.0,67120.0,63435.0,64170.0,7181
1714003200,64160.0,65015.0,62770.0,64440.0,5397
1714089600,64435.0,64700.0,63645.0,64305.0,470
1714262400,64620.0,64620.0,63205.0,63535.0,328
1714348800,63440.0,64755.0,62135.0,64430.0,6322
1714435200,64405.0,65335.0,59300.0,60820.0,10905
1714521600,60825.0,60980.0,56910.0,58605.0,11676
1714608000,58580.0,60070.0,57265.0,59550.0,7012
1714694400,59520.0,63660.0,59265.0,63365.0,8061
1714867200,64185.0,64720.0,64180.0,64440.0,169
1714953600,64515.0,66015.0,63075.0,63525.0,5812
1715040000,63530.0,64835.0,62585.0,62660.0,3538
1715126400,62625.0,63310.0,61140.0,61420.0,4006
1715212800,61395.0,63805.0,60875.0,63395.0,4354
1715299200,63400.0,63890.0,60425.0,60830.0,8704
1715472000,61465.0,61835.0,61465.0,61795.0,177
1715558400,61780.0,63855.0,61045.0,63315.0,7681
1715644800,63290.0,63485.0,61350.0,61785.0,5041
1715731200,61820.0,66875.0,61540.0,66640.0,10720
1715817600,66600.0,67135.0,64890.0,65475.0,5236
1715904000,65490.0,67865.0,65345.0,67260.0,6379
1716076800,66525.0,66695.0,66415.0,66540.0,215
1716163200,66505.0,71975.0,66300.0,71770.0,8354
1716249600,71765.0,72360.0,69420.0,70485.0,9155
1716336000,70475.0,71010.0,69160.0,69365.0,4905
1716422400,69430.0,70370.0,66400.0,68070.0,6972
1716508800,68080.0,69585.0,66730.0,69080.0,5448
1716681600,68735.0,68875.0,68485.0,68685.0,163
1716768000,68685.0,70855.0,68345.0,69460.0,2282
1716854400,69495.0,69625.0,67250.0,68365.0,7734
1716940800,68450.0,68965.0,67080.0,67545.0,3779
1717027200,67640.0,69670.0,67110.0,68380.0,5721
1717113600,68320.0,69010.0,67570.0,67660.0,562
1717286400,68200.0,68455.0,68155.0,68200.0,139
1717372800,68185.0,70975.0,68070.0,69255.0,8769
1717459200,69260.0,71770.0,68965.0,71210.0,7933
1717545600,71160.0,72455.0,70840.0,71690.0,6324
1717632000,71700.0,72265.0,70515.0,71260.0,4515
1717718400,71235.0,72660.0,68595.0,69650.0,10334
1717891200,69995.0,70245.0,69890.0,69965.0,167
1717977600,69950.0,70655.0,69480.0,69825.0,3829
1718064000,69840.0,69895.0,66335.0,67655.0,10017
1718150400,67655.0,70480.0,67220.0,68525.0,10148
1718236800,68575.0,68840.0,66395.0,67005.0,6317
1718323200,66975.0,67655.0,65200.0,65945.0,5597
1718496000,66350.0,67310.0,66350.0,66870.0,276
1718582400,66875.0,67525.0,65180.0,66715.0,5681
1718668800,66695.0,66720.0,64080.0,65265.0,7890
1718755200,65255.0,65820.0,64765.0,65065.0,1438
1718841600,65050.0,66675.0,64595.0,64970.0,5437
1718928000,65005.0,65130.0,63395.0,64320.0,5542
1719100800,64005.0,64005.0,63200.0,63200.0,270
1719187200,63210.0,63370.0,58410.0,60220.0,11607
1719273600,60230.0,62460.0,60180.0,61785.0,8408
1719360000,61795.0,62495.0,60690.0,60790.0,4254
1719446400,60785.0,62415.0,60605.0,61590.0,3484
1719532800,61600.0,62210.0,60895.0,61025.0,577
1719705600,62085.0,63525.0,62085.0,63170.0,720
1719792000,63185.0,64335.0,62865.0,63285.0,7484
1719878400,63275.0,63630.0,62035.0,62365.0,4839
1719964800,62370.0,62510.0,59740.0,60410.0,6317
1720051200,60385.0,60635.0,56915.0,57275.0,4455
1720137600,57235.0,57765.0,53635.0,56655.0,12443
1720310400,56850.0,57110.0,56035.0,56085.0,385
1720396800,56175.0,58525.0,54580.0,56930.0,8741
1720483200,56945.0,58595.0,56540.0,58275.0,5388
1720569600,58275.0,59740.0,57365.0,57905.0,5143
1720656000,57875.0,59895.0,57235.0,57535.0,6396
1720742400,57495.0,58790.0,56685.0,57805.0,5149
1720915200,60985.0,61650.0,60845.0,60985.0,1071
1721001600,61010.0,65090.0,60845.0,64945.0,10763
1721088000,64995.0,65550.0,62680.0,65245.0,7996
1721174400,65305.0,66295.0,64015.0,64305.0,5984
1721260800,64300.0,65390.0,63340.0,64080.0,5965
1721347200,64060.0,67740.0,63430.0,67300.0,9433
1721520000,68655.0,68655.0,68030.0,68260.0,520
1721606400,68330.0,68625.0,66670.0,67680.0,5749
1721692800,67585.0,67855.0,65495.0,65965.0,6604
1721779200,65975.0,67230.0,65140.0,65395.0,4949
1721865600,65395.0,66185.0,63440.0,65740.0,5339
1721952000,65790.0,68010.0,65790.0,67430.0,507
1722124800,68930.0,69095.0,68700.0,68990.0,226
1722211200,69010.0,70825.0,67035.0,67340.0,10501
1722297600,67330.0,67595.0,65800.0,66735.0,6370
1722384000,66700.0,67360.0,65030.0,65080.0,5675
1722470400,65045.0,66065.0,62615.0,65790.0,9177
1722556800,65765.0,66000.0,62470.0,62945.0,9796
1722729600,58885.0,59445.0,58315.0,58490.0,815
1722816000,58490.0,58595.0,49365.0,54320.0,27795
1722902400,54320.0,57420.0,54320.0,56295.0,10035
1722988800,56275.0,58030.0,54790.0,55260.0,8224
1723075200,55340.0,62970.0,54985.0,61965.0,10714
1723161600,61960.0,62020.0,59810.0,61100.0,6035
1723334400,59250.0,59535.0,58755.0,58990.0,546
1723420800,58975.0,60910.0,57945.0,59500.0,6982
1723507200,59485.0,61895.0,58600.0,60835.0,6183
1723593600,60830.0,62200.0,58615.0,58880.0,6440
1723680000,58905.0,60050.0,56295.0,57705.0,8086
1723766400,57630.0,60130.0,57270.0,59580.0,7914
1723939200,59700.0,59810.0,58585.0,58620.0,376
1724025600,58610.0,59820.0,58000.0,59650.0,4690
1724112000,59645.0,61650.0,58690.0,59130.0,8756
1724198400,59145.0,61995.0,58900.0,61325.0,6972
1724284800,61330.0,61585.0,59840.0,60450.0,6966
1724371200,60430.0,64000.0,60415.0,63915.0,13252
1724544000,64500.0,65200.0,64315.0,64335.0,555
1724630400,64345.0,64575.0,62860.0,62920.0,5505
1724716800,62845.0,63250.0,58080.0,59430.0,7149
1724803200,59435.0,60235.0,57885.0,58960.0,7813
1724889600,59005.0,61235.0,58840.0,59325.0,5680
1724976000,59290.0,59900.0,58700.0,59155.0,438
1725148800,58645.0,58645.0,57415.0,57530.0,500
1725235200,57525.0,59745.0,57315.0,59420.0,2296
1725321600,59410.0,60185.0,57640.0,57735.0,7346
1725408000,57735.0,58840.0,55725.0,58225.0,8217
1725494400,58250.0,58570.0,55955.0,56350.0,8587
1725580800,56395.0,57270.0,52820.0,52980.0,12181
1725753600,54565.0,55580.0,54545.0,55095.0,986
1725840000,55090.0,58265.0,54825.0,57270.0,9129
1725926400,57290.0,58260.0,56610.0,57855.0,5020
1726012800,57900.0,58210.0,55645.0,57565.0,10354
1726099200,57550.0,58755.0,57450.0,58330.0,5702
1726185600,58335.0,60245.0,57810.0,60110.0,7391
1726358400,59920.0,59920.0,58780.0,59225.0,750
1726444800,59210.0,59320.0,57550.0,58270.0,7184
1726531200,58280.0,61560.0,57665.0,60375.0,12071
1726617600,60415.0,61980.0,59270.0,61920.0,8709
1726704000,61980.0,64045.0,61745.0,63105.0,7703
1726790400,63100.0,64200.0,62430.0,62940.0,5578
1726963200,62935.0,64100.0,62430.0,63700.0,330
1727049600,63680.0,64835.0,62655.0,63390.0,4602
1727136000,63430.0,64830.0,62745.0,64355.0,6855
1727222400,64370.0,64975.0,62950.0,63030.0,5047
1727308800,63125.0,65920.0,62670.0,65050.0,6559
1727395200,65070.0,66240.0,64860.0,66180.0,375
1727568000,66285.0,66400.0,65880.0,65960.0,454
1727654400,65955.0,65965.0,63070.0,63605.0,9914
1727740800,63630.0,64430.0,60450.0,61040.0,11575
1727827200,61010.0,62665.0,60265.0,60810.0,7468
1727913600,60830.0,61685.0,60070.0,60955.0,5644
1728000000,60950.0,63085.0,60635.0,62720.0,5955
1728172800,62675.0,63220.0,62615.0,63085.0,323
1728259200,63070.0,64770.0,62305.0,62435.0,6941
1728345600,62490.0,63450.0,61995.0,62370.0,4670
1728432000,62265.0,62720.0,60440.0,60670.0,4876
1728518400,60675.0,61450.0,58945.0,60445.0,6868
1728604800,60450.0,63675.0,60175.0,63280.0,9450
1728777600,63150.0,63355.0,62835.0,63050.0,152
1728864000,63050.0,66765.0,62645.0,66290.0,10279
1728950400,66335.0,68225.0,65005.0,67335.0,11632
1729036800,67395.0,68695.0,66995.0,67805.0,6033
1729123200,67810.0,68150.0,66765.0,67560.0,4912
1729209600,67545.0,69255.0,67300.0,68605.0,6751
1729382400,69295.0,69525.0,68645.0,69105.0,611
1729468800,69125.0,69635.0,66855.0,67400.0,7226
1729555200,67295.0,67870.0,66565.0,67395.0,4879
1729641600,67450.0,67450.0,65210.0,66715.0,6392
1729728000,66665.0,68570.0,66470.0,68160.0,3105
1729814400,68060.0,68685.0,67315.0,68425.0,236
1729987200,68185.0,69475.0,68185.0,68700.0,796
1730073600,68770.0,70995.0,68070.0,70660.0,7048
1730160000,70725.0,74485.0,70480.0,73630.0,11470
1730246400,73655.0,73665.0,72135.0,73150.0,6155
1730332800,73100.0,73460.0,70080.0,70650.0,9682
1730419200,70630.0,72190.0,69230.0,69620.0,9539
1730592000,69000.0,69240.0,68650.0,69015.0,436
1730678400,69065.0,69785.0,67140.0,68140.0,8002
1730764800,68140.0,70980.0,67740.0,69750.0,7891
1730851200,69785.0,77140.0,69645.0,76275.0,26612
1730937600,76315.0,77535.0,75070.0,76530.0,10048
1731024000,76570.0,77930.0,76225.0,77100.0,8518
1731196800,81210.0,81450.0,80670.0,81090.0,828
1731283200,81130.0,90415.0,80910.0,89430.0,20001
1731369600,89460.0,90725.0,85890.0,88660.0,17845
1731456000,88585.0,94065.0,86925.0,90855.0,18183
1731542400,90890.0,92335.0,87005.0,87615.0,9554
1731628800,87625.0,92350.0,87505.0,92260.0,8940
1731801600,90195.0,90340.0,89755.0,90300.0,373
1731888000,90360.0,93215.0,89815.0,90970.0,9501
1731974400,90940.0,94715.0,90875.0,92845.0,11329
1732060800,92860.0,95565.0,92005.0,94785.0,9649
1732147200,94885.0,99575.0,94530.0,98875.0,13618
1732233600,98925.0,100170.0,97430.0,99815.0,9161
1732406400,98555.0,98670.0,97760.0,98175.0,438
1732492800,98205.0,99275.0,93000.0,93125.0,9456
1732579200,93050.0,95225.0,90785.0,92010.0,9149
1732665600,91980.0,97500.0,91790.0,96055.0,5714
1732752000,95985.0,96720.0,94760.0,95715.0,568
1732838400,95620.0,98560.0,95580.0,98330.0,537
1733011200,98875.0,99360.0,98630.0,98630.0,393
1733097600,98680.0,99565.0,95270.0,96860.0,9263
1733184000,96850.0,97395.0,94435.0,96890.0,7329
1733270400,96865.0,100380.0,95390.0,99920.0,10985
1733356800,99875.0,105325.0,96155.0,97645.0,17215
1733443200,97610.0,102990.0,97040.0,101580.0,8245
1733616000,101300.0,102265.0,100970.0,102060.0,375
1733702400,102000.0,102135.0,94640.0,97885.0,11044
1733788800,97815.0,98985.0,94785.0,97185.0,8845
1733875200,97190.0,102465.0,96290.0,101855.0,10191
1733961600,101950.0,103225.0,99775.0,100570.0,9152
1734048000,100495.0,102605.0,99620.0,101840.0,7734
1734220800,103670.0,105900.0,103670.0,105065.0,809
1734307200,105095.0,108475.0,103765.0,106560.0,10418
1734393600,106530.0,108960.0,106080.0,106585.0,7808
1734480000,106625.0,106960.0,100040.0,100285.0,13536
1734566400,100305.0,103190.0,95765.0,97565.0,11193
1734652800,97550.0,98265.0,92355.0,96685.0,11070
1734825600,95730.0,95880.0,95075.0,95170.0,107
1734912000,95215.0,96595.0,92460.0,94875.0,6410
1734998400,94850.0,99685.0,93545.0,98755.0,4804
1735084800,98555.0,99640.0,98555.0,99515.0,205
1735171200,99645.0,99995.0,95095.0,95705.0,4415
1735257600,95730.0,97045.0,94450.0,94600.0,300
1735430400,93995.0,94470.0,93630.0,94310.0,307
1735516800,94380.0,95580.0,91735.0,93375.0,6474
1735603200,93325.0,97010.0,92615.0,94420.0,3982
1735689600,95270.0,95395.0,94970.0,95070.0,119
1735776000,95090.0,98735.0,94830.0,97755.0,6749
1735862400,97785.0,99920.0,96770.0,99140.0,4587
1736035200,99450.0,99730.0,99100.0,99100.0,115
1736121600,99195.0,103565.0,98660.0,103205.0,9659
1736208000,103185.0,103685.0,96525.0,97355.0,14302
1736294400,97300.0,97565.0,92745.0,95340.0,7306
1736380800,95310.0,95640.0,91300.0,92775.0,6605
1736467200,92880.0,96375.0,92645.0,95020.0,10277
1736640000,94500.0,94950.0,94455.0,94950.0,244
1736726400,94995.0,96420.0,89525.0,94930.0,12029
1736812800,94945.0,97810.0,94700.0,96900.0,9551
1736899200,96900.0,101240.0,96855.0,100990.0,9811
1736985600,101035.0,101425.0,97555.0,100420.0,7637
1737072000,100325.0,106575.0,100325.0,105120.0,10370
1737244800,103510.0,103820.0,99745.0,101590.0,2382
1737331200,101510.0,110150.0,99760.0,102455.0,13195
1737417600,102495.0,107670.0,100425.0,106475.0,10028
1737504000,106490.0,106615.0,103465.0,103945.0,7070
1737590400,103895.0,107100.0,101280.0,104035.0,21930
1737676800,104000.0,107485.0,102860.0,105480.0,7624
1737849600,104695.0,104695.0,102425.0,102580.0,1760
1737936000,102560.0,103255.0,97650.0,102175.0,14339
1738022400,102135.0,103870.0,100300.0,101355.0,6781
1738108800,101340.0,104920.0,101295.0,103795.0,6145
1738195200,103900.0,106570.0,103345.0,104805.0,4355
1738281600,104795.0,105260.0,103875.0,105240.0,516
1738454400,98445.0,98445.0,96805.0,98145.0,952
1738540800,98120.0,102875.0,91455.0,101985.0,19839
1738627200,102045.0,102415.0,97035.0,98340.0,10545
1738713600,98300.0,99735.0,96555.0,97075.0,5664
1738800000,97015.0,99765.0,96030.0,96980.0,7220
1738886400,97010.0,100765.0,95890.0,96285.0,9643
1739059200,95990.0,96905.0,95990.0,96855.0,175
1739145600,96810.0,98755.0,95505.0,97775.0,5229
1739232000,97755.0,98960.0,95065.0,95990.0,6256
1739318400,95915.0,98440.0,94285.0,98235.0,7423
1739404800,98190.0,98435.0,95370.0,96840.0,7189
1739491200,96890.0,99350.0,96440.0,97845.0,6823
1739664000,97110.0,97110.0,96200.0,96280.0,748
1739750400,96255.0,97200.0,95310.0,95910.0,2811
1739836800,95915.0,96855.0,93305.0,95650.0,7276
1739923200,95655.0,96950.0,95065.0,96725.0,6618
1740009600,96725.0,98990.0,96515.0,98520.0,6443
1740096000,98605.0,99765.0,94580.0,95055.0,11709
1740268800,95650.0,96380.0,95635.0,96315.0,373
1740355200,96330.0,96625.0,91260.0,91510.0,7920
1740441600,91455.0,92500.0,85820.0,88615.0,13433
1740528000,88585.0,89285.0,82185.0,84145.0,10099
1740614400,84135.0,87015.0,82600.0,84610.0,4492
1740700800,84585.0,84630.0,78330.0,83600.0,1132
1740873600,95000.0,95705.0,94415.0,94765.0,1342
1740960000,94805.0,95015.0,85485.0,86575.0,11946
1741046400,86545.0,89380.0,81815.0,87665.0,12161
1741132800,87690.0,91530.0,86750.0,91065.0,8089
1741219200,91065.0,93210.0,88155.0,90310.0,7913
1741305600,90295.0,91665.0,84790.0,86430.0,16513
1741478400,82110.0,82345.0,80255.0,80910.0,1073
1741564800,80965.0,84200.0,77530.0,78680.0,10359
1741651200,78720.0,83850.0,76735.0,83145.0,9313
1741737600,83075.0,84650.0,80740.0,83815.0,7308
1741824000,83855.0,84550.0,80040.0,81165.0,6109
1741910400,81200.0,85595.0,80955.0,84405.0,8191
1742083200,82945.0,83080.0,82175.0,82690.0,336
1742169600,82690.0,84925.0,82535.0,84165.0,4624
1742256000,84145.0,84160.0,81120.0,82800.0,6698
1742342400,82805.0,87195.0,82645.0,87065.0,7703
1742428800,87045.0,87650.0,83655.0,84340.0,5751
1742515200,84395.0,84865.0,83140.0,84185.0,3015
1742688000,85135.0,86150.0,85135.0,86095.0,523
1742774400,86160.0,88865.0,85570.0,87545.0,6073
