time,open,high,low,close,volume
1734652800,5934.5,5937.75,5901.75,5905.0,50758
1734667200,5905.0,5927.75,5904.75,5922.0,34455
1734681600,5921.75,5922.75,5878.75,5882.75,99597
1734696000,5882.5,5982.5,5866.0,5972.25,732846
1734710400,5972.25,6050.75,5970.5,6017.25,715385
1734724800,6017.25,6026.0,5987.25,6015.75,493102
1734915600,6016.0,6029.0,6012.5,6028.5,24289
1734930000,6028.5,6033.0,6015.25,6020.25,34642
1734944400,6020.5,6024.0,5992.5,6009.0,54595
1734958800,6008.5,6015.0,5965.0,6014.25,567836
1734973200,6014.5,6043.0,6002.5,6036.75,536980
1734987600,6037.0,6042.5,6030.0,6034.25,71938
1735005600,6034.0,6038.0,6032.0,6034.25,8517
1735020000,6034.25,6046.0,6032.5,6044.75,18508
1735034400,6045.0,6046.0,6037.5,6045.5,24435
1735048800,6045.5,6099.5,6042.25,6098.5,483727
1735063200,6098.5,6102.5,6094.25,6099.75,44026
1735178400,6099.5,6105.0,6097.5,6102.75,9248
1735192800,6103.0,6103.5,6074.25,6076.25,32171
1735207200,6076.5,6080.25,6067.5,6076.75,48238
1735221600,6076.5,6107.5,6063.25,6092.0,437939
1735236000,6092.0,6104.0,6088.5,6091.5,299607
1735254000,6092.0,6095.25,6083.0,6085.0,15027
1735268400,6085.0,6086.5,6077.5,6079.25,11839
1735282800,6079.25,6081.25,6070.25,6074.0,29972
1735297200,6074.0,6078.75,6041.25,6045.0,239862
1735311600,6044.75,6047.0,5982.75,6015.75,779718
1735326000,6015.5,6036.25,6003.0,6024.75,475582
1735516800,6024.75,6027.25,6015.75,6017.25,19120
1735531200,6017.25,6020.5,6003.5,6007.0,19594
1735545600,6006.75,6016.25,6004.25,6012.75,32817
1735560000,6013.0,6013.25,5918.25,5945.25,606772
1735574400,5945.25,5993.25,5938.5,5984.5,521961
1735588800,5984.25,5987.75,5944.0,5948.5,294509
1735606800,5948.5,5966.25,5948.25,5955.5,18201
1735621200,5955.5,5957.5,5948.5,5953.25,16641
1735635600,5953.5,5983.25,5952.0,5972.25,42510
1735650000,5972.0,5980.25,5938.25,5943.25,463588
1735664400,5943.25,5950.25,5917.25,5935.0,658290
1735678800,5935.25,5955.5,5910.75,5947.0,104240
1735783200,5946.75,5965.5,5945.5,5963.75,24936
1735797600,5964.0,5975.0,5953.25,5972.0,43290
1735812000,5972.0,5995.25,5963.75,5978.25,78592
1735826400,5978.0,5985.0,5879.75,5899.0,956877
1735840800,5899.25,5925.25,5874.75,5920.0,569606
1735858800,5921.0,5933.75,5911.25,5930.25,28833
1735873200,5930.25,5934.0,5923.75,5929.25,13387
1735887600,5929.0,5941.75,5924.0,5929.25,36126
1735902000,5929.25,5965.75,5923.75,5950.5,209163
1735916400,5950.5,5989.5,5934.0,5984.0,551688
1735930800,5984.0,5996.75,5980.75,5990.75,313519
1736121600,5991.0,5993.25,5980.75,5984.75,22730
1736136000,5984.5,6000.0,5984.25,5997.75,15416
1736150400,5998.0,6033.75,5997.0,6033.0,74849
1736164800,6032.75,6063.25,6015.75,6059.5,508638
1736179200,6059.75,6068.25,6011.25,6012.0,535397
1736193600,6011.75,6031.75,6004.0,6023.5,306439
1736211600,6023.25,6026.5,6013.25,6016.25,19844
1736226000,6016.5,6026.5,6007.0,6023.75,30145
1736240400,6024.0,6032.5,6017.5,6027.5,38438
1736254800,6027.5,6045.5,5969.5,5973.75,851120
1736269200,5973.75,5991.0,5935.0,5955.0,682022
1736283600,5955.25,5968.5,5948.25,5968.0,74121
1736301600,5967.75,5972.25,5961.75,5972.0,18882
1736316000,5972.0,5972.5,5957.5,5971.0,29820
1736330400,5971.0,5975.0,5926.5,5959.25,166819
1736344800,5959.25,5965.25,5917.0,5934.5,841827
1736359200,5934.5,5971.75,5933.75,5954.75,621091
1736377200,5955.0,5956.5,5940.0,5952.0,20379
1736391600,5951.75,5952.0,5940.75,5948.5,13480
1736406000,5948.25,5957.0,5929.25,5953.75,33412
1736420400,5953.75,5954.75,5936.0,5944.75,46044
1736463600,5943.75,5945.25,5920.5,5938.75,43041
1736478000,5938.75,5948.5,5937.25,5938.5,20732
1736492400,5938.25,5950.75,5934.5,5947.25,36224
1736506800,5947.0,5959.25,5884.0,5890.75,452436
1736521200,5890.25,5907.25,5845.25,5906.5,940286
1736535600,5906.5,5906.75,5848.0,5860.0,530638
1736726400,5859.75,5867.5,5831.0,5837.5,45335
1736740800,5837.5,5848.75,5834.75,5840.0,25178
1736755200,5840.0,5846.5,5809.0,5819.25,87044
1736769600,5819.0,5851.75,5811.75,5839.0,590545
1736784000,5838.75,5871.0,5816.5,5865.75,666261
1736798400,5865.5,5901.25,5859.5,5892.5,290322
1736816400,5892.75,5892.75,5883.0,5892.0,18922
1736830800,5892.25,5913.5,5888.0,5908.5,33187
1736845200,5908.5,5911.0,5881.5,5889.5,49068
1736859600,5889.5,5918.5,5846.75,5846.75,778009
1736874000,5846.75,5898.75,5842.5,5882.0,813888
1736888400,5882.0,5895.0,5880.0,5887.25,77798
1736906400,5887.25,5888.0,5881.0,5883.25,12335
1736920800,5883.25,5891.75,5879.5,5888.75,28308
1736935200,5889.0,5979.75,5883.75,5970.5,184866
1736949600,5970.75,5991.75,5952.5,5971.0,856338
1736964000,5971.25,6001.25,5971.0,5987.75,459613
1736982000,5988.5,6002.0,5986.5,5991.25,25314
1736996400,5991.25,6001.25,5983.0,5997.25,29698
1737010800,5997.0,6017.5,5995.0,6007.25,78786
1737025200,6007.0,6008.75,5980.5,5982.0,273233
1737039600,5981.75,6004.25,5969.0,5973.5,717195
1737054000,5973.5,5993.5,5961.75,5974.5,390748
1737072000,5974.25,5985.5,5972.0,5984.5,19486
1737086400,5984.25,5989.5,5977.0,5983.75,18824
1737100800,5983.5,6000.75,5983.0,5994.0,39091
1737115200,5994.0,6039.5,5990.0,6039.0,560235
1737129600,6039.0,6051.5,6035.0,6039.75,409419
1737144000,6039.75,6043.5,6020.0,6027.0,286786
1737334800,6027.0,6032.0,6023.5,6032.0,14146
1737349200,6032.0,6043.5,6031.0,6037.0,20414
1737363600,6037.25,6041.0,6025.75,6028.0,23750
1737378000,6028.0,6078.25,6018.0,6055.5,164608
1737392400,6055.75,6070.5,5994.5,6036.5,133659
1737424800,6036.75,6050.75,6034.5,6039.0,28460
1737439200,6039.0,6060.75,6036.0,6060.75,39557
1737453600,6060.75,6067.75,6045.5,6062.75,67726
1737468000,6062.75,6082.25,6043.5,6081.75,704803
1737482400,6081.75,6093.25,6074.25,6091.75,433765
1737500400,6094.0,6102.5,6087.0,6100.0,32487
1737514800,6100.25,6105.0,6098.75,6099.0,12990
1737529200,6099.25,6114.75,6098.0,6111.75,45923
1737543600,6111.5,6122.75,6108.75,6122.25,216453
1737558000,6122.25,6135.75,6117.0,6127.25,489531
1737572400,6127.25,6133.25,6115.0,6116.0,369674
1737590400,6116.25,6118.0,6109.75,6113.25,23759
1737604800,6113.5,6117.0,6108.25,6110.0,13295
1737619200,6109.75,6113.5,6101.5,6112.25,44897
1737633600,6112.5,6125.0,6107.75,6124.75,283604
1737648000,6124.75,6139.0,6119.75,6134.5,393929
1737662400,6134.25,6154.0,6132.5,6146.75,308760
1737680400,6147.0,6156.0,6143.75,6146.25,42079
1737694800,6146.25,6148.75,6142.75,6144.5,21794
1737709200,6144.5,6149.5,6139.0,6146.0,49656
1737723600,6145.75,6162.25,6140.5,6149.5,438117
1737738000,6149.5,6154.5,6122.0,6132.75,576816
1737752400,6132.75,6133.5,6072.0,6077.5,127467
1737943200,6077.5,6085.75,6057.0,6060.0,47331
1737957600,6060.0,6061.25,6006.75,6010.5,145870
1737972000,6010.75,6014.75,5948.0,6007.5,284256
1737986400,6007.5,6048.0,5995.75,6013.25,1016750
1738000800,6013.25,6056.5,6011.75,6050.25,711188
1738018800,6059.5,6059.5,6032.25,6044.0,59884
1738033200,6044.0,6051.5,6036.25,6041.0,19576
1738047600,6040.75,6073.0,6037.0,6068.25,66365
1738062000,6068.25,6072.0,6023.5,6039.75,277029
1738076400,6039.75,6099.25,6038.75,6089.25,729735
1738090800,6089.5,6105.5,6083.75,6087.75,378120
1738108800,6087.75,6095.75,6086.5,6094.25,13947
1738123200,6094.25,6111.5,6093.5,6105.0,26871
1738137600,6105.0,6107.25,6095.0,6105.0,44071
1738152000,6105.0,6105.25,6074.5,6078.25,331885
1738166400,6078.25,6084.5,6042.25,6073.5,681792
1738180800,6073.25,6087.5,6043.75,6081.5,417038
1738198800,6081.25,6094.0,6079.25,6090.25,20929
1738213200,6090.25,6101.5,6084.75,6101.25,23741
1738227600,6101.25,6101.25,6074.25,6082.75,46623
1738242000,6082.75,6109.75,6056.5,6090.5,631369
1738256400,6090.25,6116.25,6067.75,6099.25,717957
1738270800,6099.25,6118.5,6085.5,6117.75,108770
1738288800,6117.75,6119.75,6110.75,6113.75,14188
1738303200,6114.0,6128.5,6112.5,6124.5,32039
1738317600,6124.5,6130.0,6121.0,6127.25,52318
1738332000,6127.0,6147.75,6117.0,6139.0,604603
1738346400,6139.0,6141.5,6057.75,6065.5,1031679
1738537200,5982.25,5982.5,5935.5,5947.0,190665
1738551600,5947.0,5958.5,5936.5,5952.0,56116
1738566000,5952.0,5988.75,5951.75,5979.75,114969
1738580400,5979.5,5989.5,5960.25,5965.25,396501
1738594800,5965.25,6038.5,5950.25,6034.25,1073479
1738609200,6034.25,6069.0,6020.0,6057.0,419151
1738627200,6056.75,6057.25,6025.25,6029.5,30301
1738641600,6029.75,6035.25,5987.0,6016.5,78782
1738656000,6016.75,6021.5,5994.0,6012.5,60109
1738670400,6012.75,6058.25,6012.75,6049.25,393934
1738684800,6049.25,6068.75,6039.25,6060.25,461858
1738699200,6060.0,6067.75,6038.25,6049.5,252716
1738717200,6049.5,6053.0,6033.25,6037.25,22136
1738731600,6037.5,6040.25,6024.0,6029.0,39847
1738746000,6029.0,6039.5,6020.25,6038.5,49953
1738760400,6038.5,6073.5,6029.5,6071.25,539028
1738774800,6071.5,6088.5,6066.5,6086.0,428224
1738789200,6086.0,6095.75,6083.75,6091.75,66607
1738807200,6091.5,6103.0,6090.0,6102.25,14531
1738821600,6102.5,6105.0,6092.5,6098.5,31936
1738836000,6098.75,6101.5,6086.25,6101.0,63833
1738850400,6101.0,6106.25,6085.25,6100.25,486063
1738864800,6100.25,6108.5,6070.0,6094.25,498952
1738882800,6089.75,6108.25,6084.5,6106.5,17763
1738897200,6106.5,6107.5,6094.0,6100.25,11564
1738911600,6100.25,6106.75,6098.0,6103.75,25302
1738926000,6103.75,6123.25,6087.5,6120.0,203506
1738940400,6120.5,6120.5,6046.5,6053.25,986725
1738954800,6053.25,6061.25,6014.0,6059.5,397243
1739145600,6059.5,6070.0,6057.25,6066.25,29118
1739160000,6066.25,6071.5,6062.5,6064.0,19721
1739174400,6064.0,6078.0,6062.5,6077.25,34281
1739188800,6077.5,6094.5,6067.75,6089.75,314991
1739203200,6089.75,6096.0,6072.25,6090.25,343532
1739217600,6090.25,6093.0,6072.0,6080.0,207762
1739235600,6079.75,6080.5,6068.25,6075.0,19052
1739250000,6075.0,6077.75,6062.75,6072.25,22724
1739264400,6072.0,6076.75,6064.75,6073.0,38116
1739278800,6072.75,6092.0,6057.75,6081.75,382670
1739293200,6081.75,6098.75,6070.5,6092.5,469734
1739307600,6092.75,6096.5,6086.25,6095.25,56757
1739325600,6095.25,6095.75,6085.0,6086.25,11972
1739340000,6086.25,6092.25,6075.25,6082.5,24159
1739354400,6082.0,6098.0,6024.5,6031.0,163095
1739368800,6031.25,6084.5,6020.75,6083.25,826567
1739383200,6083.25,6084.75,6064.25,6079.75,436137
1739401200,6079.75,6086.75,6076.75,6083.25,21131
1739415600,6083.25,6090.25,6083.0,6083.25,15190
1739430000,6083.25,6084.25,6053.5,6072.75,51140
1739444400,6072.75,6089.0,6063.0,6086.25,238306
1739458800,6086.5,6113.75,6080.5,6110.5,687382
1739473200,6110.5,6138.0,6109.0,6133.75,440481
1739491200,6134.0,6144.75,6131.75,6143.25,21784
1739505600,6143.25,6146.75,6139.0,6143.0,14815
1739520000,6143.25,6143.25,6121.25,6124.75,58192
1739534400,6124.5,6145.25,6124.0,6140.25,296742
1739548800,6140.5,6143.75,6125.75,6137.75,357649
1739563200,6137.75,6139.5,6128.75,6136.5,220244
1739754000,6136.5,6144.75,6135.5,6144.75,15536
1739768400,6144.75,6146.5,6138.25,6138.5,14123
1739782800,6138.75,6145.75,6138.0,6144.25,12869
1739797200,6144.25,6147.25,6136.25,6144.75,37246
1739811600,6145.0,6146.75,6137.0,6143.5,20909
1739844000,6143.25,6146.0,6141.5,6144.0,10560
1739858400,6144.0,6157.0,6143.25,6147.5,36854
1739872800,6147.5,6157.75,6144.75,6156.5,38085
1739887200,6156.75,6157.25,6127.5,6138.0,497170
1739901600,6138.0,6149.5,6118.25,6144.75,450141
1739919600,6143.75,6156.75,6143.75,6156.0,22561
1739934000,6156.0,6157.0,6151.25,6151.75,13807
1739948400,6151.75,6154.25,6139.0,6141.25,34511
1739962800,6141.5,6146.0,6130.25,6132.75,161447
1739977200,6133.0,6154.25,6129.25,6149.0,435095
1739991600,6149.25,6166.5,6147.75,6155.25,365436
1740009600,6155.0,6157.5,6145.25,6147.0,25110
1740024000,6147.0,6147.25,6141.75,6142.5,18973
1740038400,6142.75,6155.0,6142.5,6144.25,35532
1740052800,6144.0,6150.5,6102.75,6106.0,526102
1740067200,6106.25,6134.0,6103.5,6131.5,483017
1740081600,6131.5,6139.75,6125.5,6137.25,252994
1740099600,6137.0,6137.75,6130.75,6131.25,14450
1740114000,6131.5,6137.25,6127.25,6134.75,28545
1740128400,6134.75,6141.5,6132.25,6140.25,36486
1740142800,6140.25,6142.5,6087.5,6098.25,639085
1740157200,6098.5,6101.75,6024.5,6030.25,1034517
1740171600,6030.5,6059.25,6027.5,6050.5,113831
1740362400,6050.5,6062.5,6049.75,6061.5,21429
1740376800,6061.25,6067.5,6041.5,6061.75,67047
1740391200,6062.0,6063.0,6053.5,6061.75,65149
1740405600,6061.5,6062.5,5994.5,6036.0,975559
1740420000,6036.25,6047.0,5996.0,6005.5,557287
1740438000,6006.5,6015.5,5995.25,6014.0,55501
1740452400,6014.25,6016.0,6003.25,6005.5,19288
1740466800,6005.5,6006.25,5978.5,5980.5,96264
1740481200,5980.5,6010.75,5971.0,5981.25,322820
1740495600,5981.0,5990.5,5924.0,5976.0,1084158
1740510000,5976.0,5995.5,5958.5,5985.5,577074
1740528000,5985.5,5993.0,5977.5,5988.5,29967
1740542400,5988.25,5995.75,5987.25,5993.25,23867
1740556800,5993.25,6003.25,5990.0,5996.0,54031
1740571200,5995.75,6020.5,5978.25,6016.5,520204
1740585600,6016.5,6023.75,5945.5,5954.75,867698
1740600000,5955.0,5996.25,5950.5,5964.5,383472
1740618000,5964.75,5981.75,5960.75,5974.75,30181
1740632400,5974.5,6005.0,5973.0,6004.0,46237
1740646800,6004.0,6014.5,5997.25,6006.75,51515
1740661200,6006.5,6009.75,5931.5,5950.75,1108634
1740675600,5951.0,5978.25,5873.0,5877.5,1140059
1740690000,5877.75,5890.0,5859.75,5877.5,138622
1740708000,5877.5,5884.0,5858.5,5880.0,55842
1740722400,5879.75,5897.0,5869.5,5892.75,69373
1740736800,5892.75,5900.5,5881.25,5886.75,118579
1740751200,5887.0,5914.25,5857.0,5860.25,1130422
1740765600,5860.25,5971.0,5848.0,5958.0,1242611
1740956400,5967.5,5984.5,5947.0,5964.25,71158
1740970800,5964.25,5982.25,5957.5,5979.5,27597
1740985200,5979.5,5983.5,5955.75,5982.0,78383
1740999600,5982.0,6000.5,5947.75,5951.5,334462
1741014000,5951.5,5974.75,5897.75,5914.75,1106082
1741028400,5914.5,5929.5,5821.75,5870.25,923093
1741046400,5870.25,5881.5,5859.5,5874.0,56269
1741060800,5873.75,5884.0,5859.25,5863.25,56208
1741075200,5863.0,5878.5,5848.75,5856.0,95534
1741089600,5855.75,5855.75,5744.0,5762.5,1183051
1741104000,5762.75,5853.25,5744.75,5850.5,1156931
1741118400,5850.25,5875.75,5768.25,5826.5,703734
1741136400,5826.75,5834.0,5807.75,5826.75,72111
1741150800,5827.0,5837.0,5817.25,5824.5,56133
1741165200,5824.75,5844.25,5796.25,5802.5,113439
1741179600,5802.5,5817.0,5750.75,5779.5,951625
1741194000,5779.25,5869.5,5778.0,5850.75,936002
1741208400,5850.75,5853.5,5838.0,5843.25,77029
1741226400,5843.5,5850.0,5838.75,5842.75,22858
1741240800,5843.0,5850.0,5786.25,5792.5,95643
1741255200,5792.5,5797.75,5769.25,5779.5,137931
1741269600,5779.5,5821.25,5729.0,5749.5,1242170
1741284000,5749.25,5771.75,5720.0,5761.25,949416
1741302000,5766.0,5774.5,5756.25,5768.25,40023
1741316400,5768.25,5769.0,5750.0,5752.0,29115
1741330800,5752.0,5773.25,5750.5,5763.5,70478
1741345200,5763.5,5786.5,5721.0,5756.25,441442
1741359600,5756.25,5770.0,5673.0,5769.75,1111324
1741374000,5769.75,5791.0,5722.75,5728.0,572042
1741561200,5728.0,5755.25,5710.5,5752.25,70042
1741575600,5752.25,5757.75,5741.25,5748.25,26969
1741590000,5748.0,5754.0,5703.0,5709.0,111469
1741604400,5709.0,5723.25,5646.5,5655.0,742569
1741618800,5655.0,5682.0,5586.25,5588.75,844800
1741633200,5588.75,5641.0,5571.5,5602.0,663312
1741651200,5602.25,5637.0,5558.0,5624.0,98664
1741665600,5624.0,5639.0,5615.5,5633.5,42423
1741680000,5633.75,5651.0,5626.5,5651.0,132165
1741694400,5650.75,5651.75,5554.5,5586.5,971770
1741708800,5586.25,5643.75,5534.0,5575.75,1110910
1741723200,5575.75,5598.5,5572.75,5592.25,114539
1741741200,5592.0,5598.75,5585.0,5590.75,21410
1741755600,5591.0,5613.0,5577.5,5611.25,48022
1741770000,5611.0,5675.0,5605.5,5643.75,190657
1741784400,5643.75,5646.25,5550.25,5604.5,966645
1741798800,5604.5,5633.0,5591.75,5597.25,597228
1741816800,5596.5,5623.0,5595.5,5612.25,31747
1741831200,5612.0,5613.25,5570.75,5577.5,37048
1741845600,5577.75,5605.5,5559.25,5604.5,82225
1741860000,5604.5,5609.75,5556.75,5563.0,319305
1741874400,5563.25,5603.75,5509.25,5513.25,864617
1741888800,5513.25,5559.0,5512.0,5552.5,558684
1741906800,5552.5,5569.75,5547.5,5567.75,65136
1741921200,5568.0,5572.75,5556.25,5563.0,20114
1741935600,5563.0,5579.0,5552.75,5573.25,70359
1741950000,5573.0,5613.75,5564.0,5613.75,499807
1741964400,5613.5,5639.0,5610.25,5628.5,577479
1741978800,5628.5,5648.75,5602.5,5608.5,332810
1742169600,5608.75,5617.75,5606.0,5609.25,26782
1742184000,5609.25,5613.0,5599.0,5609.0,14182
1742198400,5609.5,5634.5,5603.0,5624.5,55466
1742212800,5624.25,5674.0,5615.5,5648.5,313617
1742227200,5648.5,5707.5,5642.5,5680.5,265237
1742241600,5680.5,5686.25,5672.0,5675.25,58329
1742259600,5675.25,5677.25,5655.5,5657.75,18580
1742274000,5657.75,5683.25,5657.25,5680.0,12060
1742288400,5680.0,5683.25,5652.75,5654.5,51526
1742302800,5654.5,5659.75,5600.0,5617.5,186915
1742317200,5617.5,5631.25,5601.25,5618.25,121996
1742335200,5618.5,5638.25,5609.5,5630.75,39232
1742349600,5630.25,5633.25,5622.25,5624.75,9312
1742364000,5625.0,5633.25,5606.25,5631.5,23060
1742378400,5631.5,5653.0,5624.25,5648.5,33978
1742392800,5648.25,5672.0,5635.5,5640.25,63400
1742407200,5639.0,5718.5,5632.0,5692.5,126014
1742425200,5692.5,5752.75,5690.5,5695.5,8526
1742432400,5751.0,5755.0,5695.0,5705.25,12734
1742439600,5753.25,5760.0,5702.75,5706.25,8369
1742446800,5756.25,5758.75,5697.25,5698.25,11145
1742454000,5751.0,5758.0,5675.0,5678.5,29248
1742461200,5754.0,5754.5,5631.5,5660.0,113988
1742468400,5701.0,5712.0,5633.5,5674.25,79941
1742475600,5702.25,5765.25,5672.5,5689.75,429867
1742482800,5753.25,5758.25,5655.0,5660.0,362300
1742490000,5717.25,5731.0,5645.25,5664.25,330453
1742497200,5702.5,5724.75,5662.75,5665.25,291636
1742508000,5715.25,5722.75,5657.0,5719.5,17506
1742518800,5719.25,5723.75,5709.5,5710.5,19758
1742533200,5710.5,5717.25,5684.0,5691.75,50390
1742547600,5691.75,5705.0,5664.5,5665.75,94101
1742562000,5665.75,5710.0,5651.25,5709.5,759495
1742576400,5709.75,5722.25,5687.75,5720.0,524872
1742767200,5740.0,5757.25,5739.0,5754.75,59874
1742781600,5754.5,5757.75,5751.75,5755.75,14852
1742796000,5755.75,5780.5,5755.0,5772.5,64361
1742810400,5772.25,5804.5,5770.75,5802.0,227247
1742824800,5802.0,5819.25,5794.5,5805.75,545265
1742839200,5805.75,5825.5,5795.0,5810.25,432260
1742857200,5810.25,5816.0,5806.75,5809.5,30016
1742871600,5809.75,5810.75,5804.25,5808.75,11733
1742886000,5808.5,5819.25,5802.25,5818.5,55473
1742900400,5818.25,5837.25,5812.25,5832.75,326571
1742914800,5832.5,5835.0,5809.5,5811.75,367683
1742929200,5811.75,5835.0,5811.25,5832.75,227909
1742947200,5832.5,5836.5,5823.0,5825.0,21481
1742961600,5825.25,5828.5,5817.25,5823.25,16305
1742976000,5823.5,5830.75,5813.75,5828.75,57964
1742990400,5828.5,5834.5,5772.5,5778.0,579181
1743004800,5778.25,5785.5,5743.0,5758.25,679332
1743019200,5758.25,5760.5,5730.0,5750.25,92763
1743037200,5750.5,5769.5,5749.25,5768.0,26770
1743051600,5767.75,5772.75,5743.0,5764.0,54920
1743066000,5764.25,5770.0,5744.75,5752.0,77161
1743080400,5752.0,5779.75,5720.0,5736.75,723896
1743094800,5736.75,5771.25,5733.75,5741.25,586517
1743112800,5741.75,5744.75,5727.75,5738.25,23982
1743127200,5738.25,5745.5,5737.5,5742.5,18247
1743141600,5742.25,5747.75,5711.5,5724.5,68781
1743156000,5724.75,5739.75,5705.5,5707.25,267939
1743170400,5707.5,5711.25,5618.75,5630.75,921139
1743184800,5630.75,5636.5,5580.25,5594.25,551261
1743375600,5594.5,5594.75,5574.25,5582.5,64846
1743390000,5582.75,5591.75,5574.25,5581.75,38212
1743404400,5581.25,5591.5,5562.5,5572.5,100478
1743418800,5572.75,5585.5,5533.75,5581.5,597869
1743433200,5581.75,5645.0,5577.75,5629.25,713855
1743447600,5629.25,5672.75,5625.75,5635.75,582357
1743465600,5635.5,5642.0,5619.25,5633.5,40647
1743480000,5633.5,5661.5,5628.0,5639.75,48260
1743494400,5640.0,5663.5,5618.0,5626.5,103722
1743508800,5626.5,5683.5,5600.25,5680.75,762077
1743523200,5681.0,5694.75,5625.75,5674.75,761302
1743537600,5674.75,5695.75,5662.5,5665.5,102355
1743555600,5665.5,5672.25,5663.5,5668.75,18161
1743570000,5668.75,5673.0,5652.25,5657.25,46284
1743584400,5657.25,5663.25,5612.0,5624.5,124266
1743598800,5624.5,5725.5,5610.75,5721.5,831288
1743613200,5721.75,5773.25,5566.25,5584.5,931636
1743631200,5550.5,5564.5,5481.0,5551.5,166819
1743645600,5551.75,5564.75,5536.0,5537.25,57163
1743660000,5537.5,5558.25,5522.25,5525.5,103898
1743674400,5526.0,5540.5,5491.25,5508.75,411444
1743688800,5509.0,5524.5,5455.0,5478.5,956983
1743703200,5478.5,5485.25,5407.5,5420.25,667245
1743721200,5420.75,5435.0,5412.5,5414.75,50302
1743735600,5414.75,5430.0,5380.5,5407.5,79610
1743750000,5407.5,5415.0,5261.25,5273.5,337076
1743764400,5273.5,5322.0,5153.5,5208.5,1099472
1743778800,5208.25,5280.75,5107.5,5130.25,1188362
1743793200,5130.5,5192.75,4832.0,4913.75,839869
1743984000,4914.25,4995.5,4871.0,4935.0,170515
1743998400,4935.5,4968.75,4842.5,4880.0,198228
1744012800,4880.5,5040.0,4877.0,4985.75,335275
1744027200,4985.75,5286.5,4867.0,5045.5,1577796
1744041600,5045.25,5158.0,4996.75,5098.75,962604
1744056000,5098.75,5174.0,5091.0,5140.5,148963
1744074000,5140.5,5187.0,5126.0,5166.0,74110
1744088400,5166.0,5191.5,5141.5,5181.0,105069
1744102800,5180.5,5248.0,5151.75,5223.5,180298
1744117200,5223.25,5305.25,5121.5,5123.75,986777
1744131600,5123.25,5142.75,4940.5,5012.25,917799
1744149600,5006.25,5014.5,4912.25,4980.0,123935
1744164000,4980.75,4999.5,4871.75,4914.75,99659
1744178400,4915.0,5057.5,4914.0,5005.5,188786
1744192800,5005.5,5070.5,4901.75,5048.25,443291
1744207200,5048.25,5420.5,4980.0,5404.25,1064972
1744221600,5404.5,5520.0,5352.0,5519.5,967286
1744239600,5519.25,5528.75,5464.25,5465.5,80606
1744254000,5465.25,5476.75,5441.0,5467.5,69568
1744268400,5467.5,5487.75,5359.5,5391.5,180508
1744282800,5391.5,5425.75,5314.0,5316.5,590601
1744297200,5316.5,5351.75,5146.75,5314.75,993889
1744311600,5315.25,5348.75,5234.5,5274.5,480997
1744329600,5274.25,5316.0,5206.0,5300.75,79315
1744344000,5300.75,5379.0,5294.0,5315.0,91907
1744358400,5314.5,5359.0,5257.25,5321.25,153289
1744372800,5321.0,5349.75,5251.5,5321.25,569655
1744387200,5321.25,5418.25,5311.75,5390.0,689946
1744401600,5390.25,5474.75,5386.75,5426.75,110121
1744592400,5426.5,5457.25,5415.5,5454.5,34847
1744606800,5454.5,5473.75,5441.75,5468.0,48138
1744621200,5468.0,5483.5,5445.0,5480.25,78116
1744635600,5480.25,5497.75,5391.0,5407.75,597915
1744650000,5408.0,5479.0,5405.5,5432.25,429416
1744668000,5431.75,5443.0,5413.0,5432.0,28168
1744682400,5432.0,5440.25,5425.0,5431.75,18019
1744696800,5432.0,5463.75,5428.0,5445.25,58650
1744711200,5445.0,5482.0,5413.0,5467.25,190248
1744725600,5467.5,5485.0,5425.25,5434.75,527215
1744740000,5435.0,5444.75,5375.0,5389.75,301797
1744758000,5389.5,5392.25,5367.25,5382.75,33996
1744772400,5383.0,5387.5,5340.0,5358.5,39502
1744786800,5358.5,5425.0,5342.25,5388.0,117864
1744801200,5387.75,5395.75,5346.0,5372.0,338160
1744815600,5372.25,5401.0,5275.0,5276.25,583879
1744830000,5276.25,5316.5,5251.0,5307.75,376653
1744848000,5307.75,5345.5,5301.25,5344.5,37185
1744862400,5344.5,5371.25,5342.25,5361.5,48257
1744876800,5361.75,5362.75,5318.5,5329.5,74856
1744891200,5329.5,5356.5,5285.5,5314.5,512063
1744905600,5314.5,5359.5,5304.25,5310.75,547896
1744920000,5310.75,5331.75,5279.0,5286.0,83917
1745197200,5286.0,5288.0,5259.25,5268.75,31785
1745211600,5268.75,5278.0,5252.0,5258.0,21882
1745226000,5258.25,5270.0,5238.0,5255.0,45759
1745240400,5254.75,5262.5,5151.75,5156.25,498793
1745254800,5156.25,5193.0,5127.25,5184.0,510762
1745272800,5182.5,5224.25,5171.75,5214.25,41181
1745287200,5214.0,5218.75,5198.0,5207.0,22767
1745301600,5206.75,5254.5,5203.5,5233.25,60646
1745316000,5233.25,5267.5,5216.5,5264.0,199707
1745330400,5264.0,5339.25,5262.25,5263.0,773248
1745344800,5263.0,5417.25,5262.25,5416.5,449871
1745362800,5416.75,5424.0,5378.0,5392.75,58699
1745377200,5392.5,5409.25,5387.0,5400.0,28910
1745391600,5399.75,5451.25,5392.75,5447.5,76303
1745406000,5447.25,5499.75,5430.5,5472.75,586499
1745420400,5472.5,5483.0,5385.0,5409.25,641737
1745434800,5409.25,5435.0,5383.75,5412.0,328562
1745452800,5411.75,5421.0,5388.0,5392.75,23896
1745467200,5393.0,5399.5,5368.5,5374.0,48203
1745481600,5374.0,5409.75,5355.25,5387.5,95358
1745496000,5387.25,5484.75,5386.5,5473.25,535870
1745510400,5473.25,5520.0,5468.0,5510.5,566153
1745524800,5510.5,5543.0,5510.0,5540.5,85909
1745542800,5540.25,5553.0,5520.25,5533.0,36936
1745557200,5533.0,5549.25,5523.0,5532.25,46277
1745571600,5532.5,5536.5,5486.75,5496.25,104574
1745586000,5496.0,5535.5,5480.25,5534.75,543579
1745600400,5534.75,5562.25,5511.25,5552.5,509897
1745791200,5544.0,5547.5,5517.75,5524.25,27634
1745805600,5524.25,5528.75,5516.25,5519.5,17103
1745820000,5519.5,5549.25,5519.5,5543.5,40330
1745834400,5543.75,5578.75,5530.0,5545.5,203341
1745848800,5545.5,5564.25,5492.0,5519.75,529531
1745863200,5520.0,5565.75,5516.5,5543.75,319790
1745881200,5543.75,5573.75,5541.75,5561.0,22811
1745895600,5560.5,5567.5,5552.25,5555.75,16709
1745910000,5555.75,5573.75,5533.25,5548.0,49769
1745924400,5547.5,5573.0,5521.5,5572.5,384473
1745938800,5572.5,5597.25,5547.25,5586.25,465996
1745953200,5586.25,5596.5,5568.0,5571.5,230789
1745971200,5571.5,5576.0,5548.75,5557.0,22784
1745985600,5557.0,5577.0,5554.75,5574.75,22835
1746000000,5574.5,5582.25,5562.75,5565.5,42074
1746014400,5565.25,5567.25,5455.5,5536.0,726286
1746028800,5535.75,5606.75,5512.25,5584.0,762922
1746043200,5584.0,5643.75,5571.25,5640.75,164858
1746061200,5640.75,5649.0,5634.75,5644.0,23108
1746075600,5644.25,5653.25,5635.0,5651.5,39345
1746090000,5651.75,5662.25,5636.5,5639.5,74920
1746104400,5639.5,5682.5,5627.25,5637.5,641648
1746118800,5637.5,5668.25,5601.75,5611.75,490159
1746136800,5608.5,5672.5,5601.0,5662.0,51387
1746151200,5662.0,5674.0,5655.0,5659.0,26759
1746165600,5659.0,5662.25,5633.5,5646.75,52992
1746180000,5646.5,5699.0,5640.0,5675.5,247645
1746194400,5676.0,5721.5,5672.0,5713.0,536116
1746208800,5713.0,5724.75,5685.0,5687.0,407626
1746399600,5686.75,5689.5,5660.25,5667.5,31714
1746414000,5667.5,5680.5,5662.5,5672.75,22966
1746428400,5672.5,5675.5,5655.25,5665.75,38133
1746442800,5666.0,5691.0,5655.25,5689.0,298631
1746457200,5688.75,5706.25,5677.25,5697.0,315432
1746471600,5697.25,5698.0,5664.0,5666.5,244513
1746489600,5666.5,5671.5,5652.0,5662.75,19525
1746504000,5663.0,5663.5,5640.75,5641.75,24425
1746518400,5641.75,5643.25,5616.5,5625.5,74662
1746532800,5625.5,5657.5,5607.0,5641.5,461299
1746547200,5641.25,5671.75,5620.25,5625.5,595004
1746561600,5625.75,5689.75,5605.0,5675.5,126398
1746579600,5675.25,5680.5,5652.25,5660.75,22280
1746594000,5661.0,5662.75,5646.25,5659.5,30005
1746608400,5659.75,5667.75,5642.0,5645.25,47950
1746622800,5645.0,5656.5,5620.0,5649.25,480563
1746637200,5649.25,5675.0,5596.0,5645.75,685241
1746655200,5643.25,5684.5,5636.5,5671.0,37913
1746669600,5671.0,5700.5,5671.0,5691.5,27155
1746684000,5691.25,5715.75,5683.0,5711.75,50115
1746698400,5712.0,5717.5,5671.5,5677.75,199201
1746712800,5677.75,5741.0,5653.0,5714.25,650503
1746727200,5714.0,5732.0,5681.5,5685.75,393153
1746745200,5685.5,5695.75,5665.25,5684.25,26668
1746759600,5684.0,5693.5,5676.25,5690.25,20158
1746774000,5690.0,5703.25,5682.5,5700.0,33722
1746788400,5700.25,5715.25,5662.5,5680.5,340756
1746802800,5680.5,5691.5,5663.0,5683.5,354022
1746817200,5683.25,5768.5,5674.25,5745.75,242799
1747008000,5745.5,5761.0,5743.5,5760.25,26659
1747022400,5760.0,5853.75,5758.75,5820.5,112164
1747036800,5820.5,5865.75,5815.25,5846.5,161590
1747051200,5846.25,5862.0,5805.75,5817.5,630808
1747065600,5817.75,5866.25,5815.75,5864.25,623697
1747080000,5864.25,5876.25,5847.75,5849.0,96413
1747098000,5849.25,5854.5,5835.75,5840.5,26748
1747112400,5840.75,5851.0,5838.0,5839.0,37581
1747126800,5839.25,5885.5,5837.5,5868.5,93221
1747141200,5868.5,5920.25,5863.5,5915.75,614815
1747155600,5915.75,5927.0,5899.5,5900.75,470470
1747173600,5902.0,5909.5,5898.5,5904.5,23499
1747188000,5904.5,5912.0,5899.5,5908.75,16003
1747202400,5908.75,5917.75,5896.5,5899.0,50496
1747216800,5898.75,5925.0,5896.25,5910.25,209890
1747231200,5910.5,5921.0,5890.0,5908.5,482390
1747245600,5908.25,5917.5,5898.75,5901.25,364156
1747263600,5901.25,5903.0,5892.25,5901.5,22103
1747278000,5901.5,5902.0,5885.25,5891.5,18559
1747292400,5891.25,5895.0,5867.0,5879.75,59641
1747306800,5879.5,5905.5,5877.0,5900.75,338060
1747321200,5900.5,5944.5,5899.25,5931.75,509600
1747335600,5931.75,5941.5,5917.5,5936.0,278865
1747353600,5936.0,5940.0,5923.0,5933.0,18966
1747368000,5933.0,5945.75,5927.25,5944.25,19189
1747382400,5944.0,5956.5,5943.0,5954.75,40209
1747396800,5954.75,5958.0,5924.75,5942.25,449265
1747411200,5942.5,5977.5,5941.0,5975.25,475784
1747425600,5975.25,5975.5,5920.0,5931.5,99475
1747616400,5931.75,5935.5,5909.75,5913.0,27952
1747630800,5912.75,5923.5,5892.75,5897.75,49561
1747645200,5897.75,5919.0,5893.75,5917.5,67139
1747659600,5917.75,5979.5,5902.5,5977.25,538136
1747674000,5977.25,5987.5,5962.75,5980.5,464911
1747692000,5980.0,5993.5,5964.75,5969.0,37332
1747706400,5969.0,5974.25,5959.25,5959.75,19061
1747720800,5959.5,5972.0,5955.25,5960.5,34132
1747735200,5960.75,5974.5,5950.75,5958.75,163393
1747749600,5959.0,5971.0,5952.75,5961.0,407790
1747764000,5960.75,5962.75,5926.75,5948.0,411524
1747782000,5948.0,5958.25,5941.5,5942.75,21018
1747796400,5942.5,5945.75,5923.0,5924.75,22264
1747810800,5924.75,5934.25,5905.0,5919.25,44801
1747825200,5919.0,5944.5,5908.75,5936.5,341492
1747839600,5936.5,5956.25,5867.0,5869.75,693846
1747854000,5869.75,5876.0,5847.75,5860.5,348849
1747872000,5860.75,5874.25,5858.5,5865.0,25820
1747886400,5865.25,5876.75,5861.0,5868.75,27787
1747900800,5868.75,5875.0,5838.0,5838.5,71507
1747915200,5838.5,5880.5,5828.75,5871.25,579811
1747929600,5871.0,5895.0,5853.75,5858.5,584277
1747944000,5858.5,5872.0,5850.0,5865.25,69157
1747962000,5865.25,5868.0,5851.75,5854.0,18750
1747976400,5854.0,5871.5,5841.75,5860.75,34976
1747990800,5860.75,5861.25,5756.5,5774.75,222260
1748005200,5774.75,5822.25,5762.75,5815.0,674060
1748019600,5815.0,5843.75,5807.0,5814.75,493073
1748210400,5820.0,5876.75,5813.0,5872.5,41139
1748224800,5872.5,5879.75,5868.5,5873.75,13963
1748239200,5873.5,5895.0,5870.0,5884.0,31346
1748253600,5884.0,5893.0,5880.5,5885.5,23172
1748268000,5885.75,5892.5,5871.0,5878.75,35706
1748300400,5879.0,5882.5,5866.25,5870.25,23164
1748314800,5870.0,5886.0,5862.5,5883.0,17312
1748329200,5883.25,5912.5,5880.75,5900.0,52472
1748343600,5900.0,5911.25,5868.25,5905.75,349062
1748358000,5905.5,5938.75,5904.75,5929.25,376843
1748372400,5929.25,5941.75,5923.75,5937.5,271203
1748390400,5937.25,5938.75,5929.25,5929.75,16446
1748404800,5929.75,5932.75,5923.0,5923.25,23427
1748419200,5923.5,5944.0,5918.5,5939.0,44390
1748433600,5939.0,5952.5,5913.75,5914.75,441822
1748448000,5915.0,5932.75,5894.5,5901.5,512278
1748462400,5901.75,6002.75,5890.0,6000.25,172462
1748480400,6000.25,6005.75,5984.25,5999.0,42898
1748494800,5999.25,6008.0,5985.25,5991.0,54392
1748509200,5991.25,5995.0,5940.5,5946.75,106554
1748523600,5946.75,5957.75,5884.0,5921.5,643221
1748538000,5921.25,5930.75,5899.5,5917.25,427907
1748556000,5912.25,5920.5,5891.0,5909.5,31688
1748570400,5909.5,5923.0,5906.5,5917.75,14712
1748584800,5917.75,5920.0,5902.25,5910.5,32688
1748599200,5910.5,5922.75,5876.5,5891.75,231967
1748613600,5891.75,5920.5,5853.25,5879.75,659733
1748628000,5879.75,5932.75,5879.25,5901.25,587393
1748818800,5901.5,5906.0,5891.0,5894.75,27428
1748833200,5894.75,5894.75,5877.75,5882.5,28571
1748847600,5882.25,5894.75,5867.5,5890.0,61200
1748862000,5889.75,5917.75,5870.5,5914.0,402872
1748876400,5914.0,5940.5,5901.5,5939.25,397896
1748890800,5939.5,5955.5,5930.25,5935.0,236689
1748908800,5935.25,5936.5,5920.75,5925.25,25491
1748923200,5925.25,5928.5,5911.0,5918.5,36741
1748937600,5918.25,5940.0,5909.25,5938.25,48637
1748952000,5938.25,5977.5,5934.75,5976.75,430519
1748966400,5977.0,5991.25,5968.25,5981.5,507684
1748980800,5981.75,5988.0,5975.75,5982.5,58369
1748998800,5982.5,5985.0,5974.75,5976.0,17273
1749013200,5976.0,5996.0,5975.25,5988.5,34894
1749027600,5988.75,5996.75,5974.0,5982.25,69135
1749042000,5982.25,5998.75,5974.25,5986.75,558992
1749056400,5986.75,5999.0,5975.25,5976.75,353002
1749074400,5974.25,5981.0,5972.25,5978.5,18105
1749088800,5978.5,5979.0,5973.0,5975.25,13216
1749103200,5975.0,5996.5,5972.25,5984.0,40618
1749117600,5983.75,6016.5,5957.5,5961.25,238585
1749132000,5961.5,6009.0,5958.0,5976.5,660566
1749146400,5976.75,5979.25,5928.75,5947.25,549477
1749164400,5947.5,5959.5,5943.75,5955.5,23476
1749178800,5955.25,5974.75,5953.75,5971.75,21685
1749193200,5971.75,5974.25,5965.0,5967.25,29015
1749207600,5967.5,6025.0,5962.5,6009.5,428775
1749222000,6009.5,6020.75,5984.5,6013.5,484658
1749236400,6013.5,6017.25,5995.0,6003.0,230829
1749427200,6003.25,6006.5,5992.25,5996.25,16662
1749441600,5996.5,6010.75,5994.5,6010.75,22749
1749456000,6010.5,6019.75,6005.75,6016.0,31130
1749470400,6016.0,6019.5,6000.0,6014.0,306209
1749484800,6014.0,6027.75,6008.5,6010.0,400496
1749499200,6010.0,6021.0,6007.0,6019.5,50010
1749517200,6019.25,6040.75,6019.25,6030.75,31526
1749531600,6030.75,6033.75,5991.25,6008.25,63714
1749546000,6008.0,6022.25,6006.5,6019.0,42104
1749560400,6019.0,6037.5,6005.0,6036.0,435104
1749574800,6036.25,6049.5,6015.25,6040.5,416578
1749592800,6038.75,6052.25,6024.25,6029.5,35093
1749607200,6029.5,6032.5,6021.5,6025.25,14663
1749621600,6025.25,6042.5,6023.25,6031.75,35725
1749636000,6032.0,6074.75,6024.5,6050.25,306343
1749650400,6050.25,6064.75,6033.5,6039.0,535328
1749664800,6039.0,6041.75,6006.25,6018.75,551817
1749682800,6018.5,6024.75,5997.0,6003.75,40202
1749697200,6004.0,6017.75,6003.5,6016.25,21000
1749711600,6016.5,6020.5,5987.75,6000.5,64368
1749726000,6000.5,6045.0,5989.75,6040.0,355732
1749740400,6040.25,6050.0,6029.0,6047.0,446247
1749754800,6046.75,6051.25,6014.25,6014.5,222825
1749772800,6014.5,6015.75,5927.5,5961.25,196035
1749787200,5961.25,5977.25,5946.75,5974.25,76916
1749801600,5974.0,5998.0,5968.5,5995.5,96786
1749816000,5995.5,6028.25,5977.25,6023.75,526439
1749830400,6023.5,6029.75,5965.25,5980.0,552704
1749844800,5980.25,5990.5,5944.0,5988.75,80989
1750035600,5989.0,5996.25,5984.25,5986.75,11049
1750050000,5987.0,6015.5,5986.75,6012.75,29274
1750064400,6012.5,6024.25,6000.5,6017.75,34596
1750078800,6017.5,6055.25,6013.5,6038.25,250833
1750093200,6038.0,6047.75,6027.0,6037.5,185453
1750111200,6038.5,6040.5,5997.75,6014.0,33068
1750125600,6014.25,6023.5,6000.5,6014.5,13186
1750140000,6014.5,6021.5,5992.25,6000.5,25802
1750154400,6000.25,6019.0,5991.25,6018.0,45841
1750168800,6018.0,6027.0,5984.75,5989.5,84694
1750183200,5989.5,5997.75,5965.0,5966.5,77680
1750201200,5966.5,5995.75,5964.75,5989.25,10237
1750215600,5989.25,6003.5,5983.25,5996.75,6099
1750230000,5996.5,6008.25,5981.5,5982.75,14711
1750244400,5982.75,6020.75,5981.5,6017.0,44052
1750258800,6016.75,6018.0,5975.25,5981.0,63564
1750273200,5981.0,5997.75,5973.25,5981.0,48219
1750291200,5981.5,5981.75,5947.25,5972.75,4926
1750305600,5972.5,5976.0,5944.25,5947.0,4414
1750320000,5947.5,5963.25,5947.0,5952.75,3716
1750334400,5952.75,5956.5,5918.25,5922.5,11569
1750348800,5922.25,5975.0,5922.25,5965.5,3379
1750377600,6017.0,6029.0,5955.0,5965.0,17870
1750384800,6013.5,6024.25,5963.25,5970.0,7453
1750392000,6020.75,6025.5,5966.0,5970.25,8238
1750399200,6025.25,6030.75,5960.0,5961.0,21835
1750406400,6027.75,6033.5,5961.25,5972.0,22051
1750413600,6023.75,6049.0,5970.25,6000.25,39663
1750420800,6036.75,6071.0,6000.5,6019.25,428835
1750431600,6019.0,6039.75,6003.25,6011.5,468421
1750446000,6011.25,6032.5,5959.0,5999.25,317830
1750636800,5999.25,6003.5,5989.0,6002.0,21142
1750651200,6002.0,6030.0,6000.5,6028.25,32233
1750665600,6028.25,6039.25,6002.5,6012.75,59607
1750680000,6013.0,6058.25,6010.5,6033.5,408920
1750694400,6033.75,6081.5,5993.25,6076.75,689180
1750708800,6077.0,6113.0,6072.25,6107.0,94356
1750726800,6106.75,6116.5,6103.25,6111.5,25150
1750741200,6111.5,6143.75,6111.25,6125.5,77274
1750755600,6125.5,6136.0,6113.25,6119.25,61846
1750770000,6119.25,6148.75,6109.0,6143.25,428249
1750784400,6143.25,6155.25,6139.75,6143.5,359852
1750802400,6144.75,6148.75,6138.25,6141.75,17728
1750816800,6142.0,6149.75,6140.5,6148.25,9430
1750831200,6148.25,6151.75,6141.25,6144.5,29725
1750845600,6144.75,6160.25,6141.75,6157.0,148109
1750860000,6157.0,6159.5,6130.75,6138.5,386139
1750874400,6138.5,6150.5,6136.25,6146.5,270950
1750892400,6146.75,6150.75,6141.25,6149.0,14751
1750906800,6149.25,6163.25,6149.25,6160.5,14961
1750921200,6160.75,6170.75,6159.25,6164.5,34717
1750935600,6164.5,6182.0,6157.75,6180.0,291291
1750950000,6179.75,6198.0,6174.25,6190.75,343155
1750964400,6191.0,6205.25,6188.5,6196.5,272033
1750982400,6196.75,6204.25,6194.0,6202.0,15284
1750996800,6202.0,6215.0,6199.75,6210.0,27272
1751011200,6210.25,6218.75,6207.25,6218.25,34936
1751025600,6218.5,6236.0,6202.0,6234.0,404005
1751040000,6234.0,6239.0,6183.25,6223.25,705486
1751054400,6223.5,6245.0,6216.75,6240.25,98130
1751245200,6240.0,6250.0,6236.5,6247.5,22685
1751259600,6247.5,6255.0,6243.75,6246.75,37991
1751274000,6246.75,6253.5,6242.0,6245.25,50914
1751288400,6245.25,6250.5,6231.25,6241.0,451612
1751302800,6240.75,6265.5,6224.25,6245.25,658121
1751320800,6245.75,6257.75,6242.25,6257.25,24497
1751335200,6257.25,6257.25,6241.5,6243.5,19024
1751349600,6243.25,6250.5,6236.25,6241.0,45639
1751364000,6241.25,6249.5,6227.25,6244.0,164971
1751378400,6244.0,6261.5,6227.5,6258.75,631620
1751392800,6259.0,6260.75,6240.0,6253.75,384026
1751410800,6254.0,6259.0,6245.0,6258.75,15464
1751425200,6259.0,6270.75,6258.0,6269.5,20692
1751439600,6269.5,6270.25,6252.0,6255.0,36146
1751454000,6254.75,6264.0,6235.5,6259.5,363574
1751468400,6259.75,6271.5,6257.5,6270.5,320514
1751482800,6270.5,6279.5,6268.0,6277.5,229044
1751500800,6277.5,6284.0,6270.5,6279.0,16751
1751515200,6278.75,6285.0,6277.0,6280.5,16795
1751529600,6280.5,6282.25,6272.5,6280.5,30491
1751544000,6280.5,6331.25,6278.5,6329.25,410039
1751558400,6329.5,6333.25,6313.25,6315.25,208099
1751587200,6315.25,6318.5,6307.5,6308.25,12633
1751601600,6308.25,6309.5,6290.0,6290.75,22215
1751616000,6290.75,6295.5,6276.5,6285.25,36995
1751630400,6285.25,6292.75,6279.25,6289.5,34933
1751644800,6289.5,6313.0,6282.5,6301.5,29918
1751850000,6301.5,6306.0,6291.0,6297.5,19968
1751864400,6297.25,6298.5,6290.75,6294.0,25390
1751878800,6294.0,6315.0,6292.75,6302.75,50655
1751893200,6302.75,6309.75,6260.25,6266.0,571304
1751907600,6266.0,6282.5,6246.25,6263.25,502327
1751925600,6262.5,6277.5,6254.5,6272.0,29625
1751940000,6272.0,6281.75,6271.25,6281.5,13207
1751954400,6281.5,6289.0,6276.75,6278.0,32331
1751968800,6278.25,6286.75,6272.75,6274.0,140156
1751983200,6274.0,6288.75,6262.5,6279.25,561348
1751997600,6279.0,6280.75,6267.5,6273.25,257117
1752015600,6273.25,6276.75,6260.0,6266.75,18661
1752030000,6267.25,6271.75,6260.5,6270.75,15832
1752044400,6271.0,6283.75,6266.25,6280.5,28996
1752058800,6280.75,6315.25,6277.5,6281.25,440185
1752073200,6281.5,6303.25,6276.0,6301.5,395059
1752087600,6301.5,6312.25,6298.25,6303.5,199142
1752105600,6303.25,6303.5,6291.5,6292.75,22703
1752120000,6292.75,6295.5,6287.5,6294.25,24352
1752134400,6294.0,6311.25,6293.0,6309.0,31221
1752148800,6309.0,6324.5,6296.0,6323.5,402939
1752163200,6323.5,6335.5,6316.5,6324.5,361272
1752177600,6324.5,6330.25,6283.0,6292.25,99628
1752195600,6292.5,6311.5,6287.75,6309.5,28924
1752210000,6309.25,6310.5,6284.75,6291.0,44899
1752224400,6291.0,6295.0,6276.75,6289.5,59625
1752238800,6289.25,6310.25,6278.5,6307.5,467082
1752253200,6307.25,6312.75,6293.25,6294.0,385662
1752444000,6274.0,6280.5,6263.0,6272.0,40211
1752458400,6271.75,6274.75,6263.75,6264.75,13526
1752472800,6264.5,6283.75,6259.75,6283.25,35273
1752487200,6283.5,6297.25,6276.75,6289.0,167350
1752501600,6289.25,6313.25,6284.75,6310.0,383437
1752516000,6310.0,6315.0,6301.5,6301.75,244268
1752534000,6301.75,6335.75,6300.75,6311.5,39761
1752548400,6311.25,6333.25,6308.75,6329.75,24471
1752562800,6330.0,6341.75,6325.5,6334.75,46168
1752577200,6334.5,6343.0,6300.0,6301.0,439816
1752591600,6300.75,6316.0,6291.25,6295.0,428613
1752606000,6294.75,6300.0,6264.25,6272.5,261403
1752624000,6272.5,6278.25,6266.0,6273.25,18758
1752638400,6273.25,6279.5,6257.25,6271.75,30135
1752652800,6271.75,6283.5,6270.0,6283.25,34304
1752667200,6283.5,6302.0,6241.0,6281.0,832641
1752681600,6280.75,6308.75,6271.25,6302.75,439987
1752696000,6303.0,6303.5,6290.25,6296.75,55049
1752714000,6296.5,6297.75,6288.25,6293.0,11724
1752728400,6293.25,6311.5,6293.0,6306.0,32531
1752742800,6306.0,6315.0,6297.0,6314.25,53602
1752757200,6314.0,6336.5,6302.0,6329.5,468972
1752771600,6329.5,6345.5,6327.5,6342.25,399718
1752789600,6342.5,6350.75,6338.5,6346.5,17138
1752804000,6346.25,6356.25,6344.75,6355.75,14895
1752818400,6355.75,6357.0,6345.0,6348.25,29579
1752832800,6348.25,6353.5,6339.5,6345.0,175701
1752847200,6344.75,6353.5,6323.25,6329.75,492089
1752861600,6329.75,6339.25,6324.5,6338.0,254777
1753052400,6338.25,6345.0,6336.75,6340.75,12854
1753066800,6340.75,6349.75,6338.75,6346.25,12414
1753081200,6346.25,6354.5,6346.0,6350.75,25544
1753095600,6350.75,6372.5,6339.75,6368.75,271056
1753110000,6368.75,6374.0,6361.0,6361.5,281173
1753124400,6361.5,6362.0,6341.0,6348.25,288588
1753142400,6348.0,6352.0,6343.75,6345.0,17292
1753156800,6345.0,6347.0,6336.75,6339.5,24487
1753171200,6339.25,6346.75,6335.25,6346.25,44631
1753185600,6346.25,6349.5,6318.75,6333.75,491006
1753200000,6333.75,6353.75,6327.25,6345.5,458297
1753214400,6345.5,6364.25,6342.75,6351.0,79797
1753232400,6350.75,6363.0,6349.0,6362.25,18624
1753246800,6362.25,6371.75,6360.0,6371.25,36202
1753261200,6371.25,6374.25,6363.0,6369.5,48923
1753275600,6369.5,6385.0,6353.5,6375.5,558410
1753290000,6375.5,6407.25,6371.75,6405.75,458666
1753308000,6404.0,6406.75,6400.5,6405.0,17669
1753322400,6405.0,6406.75,6399.0,6399.25,11803
1753336800,6399.25,6404.0,6393.5,6403.0,32337
1753351200,6403.25,6410.25,6391.5,6406.75,176324
1753365600,6407.0,6416.75,6396.5,6409.0,428731
1753380000,6409.25,6418.25,6399.25,6410.0,359183
1753398000,6409.75,6418.75,6407.5,6416.5,17152
1753412400,6416.75,6421.25,6408.25,6408.75,15252
1753426800,6409.0,6410.0,6401.0,6409.25,29707
1753441200,6409.25,6416.0,6402.0,6412.75,236837
1753455600,6412.75,6430.5,6410.5,6427.25,254780
1753470000,6427.0,6455.0,6421.25,6447.75,235127
1753660800,6447.75,6453.75,6445.75,6451.25,15592
1753675200,6451.5,6457.75,6444.25,6447.0,28505
1753689600,6446.75,6447.25,6433.5,6435.75,36855
1753704000,6435.75,6440.25,6416.5,6427.25,382278
1753718400,6427.5,6430.25,6408.75,6423.0,385696
1753732800,6423.0,6429.0,6421.75,6427.25,55512
1753750800,6427.25,6433.5,6426.5,6431.75,11785
1753765200,6431.75,6439.5,6428.75,6436.75,24498
1753779600,6437.0,6442.5,6432.5,6434.25,41626
1753794000,6434.0,6440.0,6400.0,6415.0,573005
1753808400,6415.0,6419.25,6396.25,6403.5,413612
1753826400,6404.0,6414.0,6403.25,6412.25,15682
1753840800,6412.25,6416.5,6410.5,6415.0,10635
1753855200,6415.0,6416.75,6405.0,6412.25,25604
1753869600,6412.5,6417.5,6405.0,6409.75,137152
1753884000,6409.5,6422.25,6402.25,6419.5,326789
1753898400,6419.25,6444.75,6366.75,6443.0,732449
1753916400,6442.75,6455.0,6439.25,6453.75,25518
1753930800,6453.75,6459.25,6452.0,6454.5,22350
1753945200,6454.75,6468.5,6451.25,6451.75,52142
1753959600,6451.5,6458.5,6417.0,6418.0,484556
1753974000,6417.75,6435.25,6365.5,6393.25,689392
1753988400,6393.25,6400.0,6350.25,6362.75,488721
1754006400,6362.5,6372.5,6346.25,6362.25,32125
1754020800,6362.5,6365.5,6312.0,6322.75,58322
1754035200,6322.5,6326.5,6295.0,6316.25,113390
1754049600,6316.25,6331.0,6243.75,6287.25,1027457
1754064000,6287.0,6297.0,6239.5,6263.5,872748
1754078400,6263.75,6281.75,6251.25,6280.0,108316
1754269200,6280.25,6290.25,6275.5,6285.75,29122
1754283600,6285.75,6306.75,6279.25,6305.75,54990
1754298000,6306.0,6310.0,6294.5,6300.0,65377
1754312400,6300.0,6351.25,6298.25,6348.0,603071
1754326800,6348.0,6370.0,6340.0,6369.5,437078
1754344800,6370.0,6376.0,6360.25,6365.25,27913
1754359200,6365.0,6371.25,6362.5,6370.0,13620
1754373600,6370.25,6377.5,6358.5,6365.75,41866
1754388000,6365.75,6376.75,6357.5,6364.75,193275
1754402400,6364.5,6364.5,6315.5,6346.75,713390
1754416800,6346.75,6347.75,6313.25,6323.0,375732
1754434800,6322.75,6341.5,6316.0,6338.5,29202
1754449200,6338.75,6353.5,6335.5,6349.25,19758
1754463600,6349.25,6358.25,6331.75,6339.25,40961
1754478000,6339.25,6355.0,6325.75,6353.75,434581
1754492400,6353.75,6377.0,6348.75,6371.0,418407
1754506800,6371.25,6387.5,6364.25,6380.5,235118
1754524800,6380.25,6391.5,6378.25,6387.75,18430
1754539200,6387.75,6395.5,6380.25,6394.25,23104
1754553600,6394.25,6426.75,6394.0,6406.5,70464
1754568000,6406.5,6414.5,6357.0,6362.25,615365
1754582400,6362.0,6369.5,6334.5,6367.5,582172
1754596800,6367.5,6387.5,6366.25,6384.5,82365
1754614800,6384.5,6387.5,6377.25,6378.5,15084
1754629200,6378.75,6382.75,6369.25,6380.25,25188
1754643600,6380.25,6389.75,6376.25,6379.0,45997
1754658000,6379.25,6416.0,6377.0,6408.0,614969
1754672400,6408.0,6425.75,6402.75,6425.25,413074
1754863200,6422.75,6428.5,6413.0,6427.5,26089
1754877600,6427.75,6429.5,6420.0,6422.25,14912
1754892000,6422.25,6428.5,6408.5,6419.0,34220
1754906400,6419.0,6426.75,6410.0,6418.5,147153
1754920800,6418.25,6431.5,6405.25,6409.0,460316
1754935200,6409.0,6410.0,6387.5,6399.75,355303
1754953200,6399.5,6406.25,6396.25,6404.0,17995
1754967600,6404.0,6411.0,6392.25,6405.25,24103
1754982000,6405.5,6410.5,6398.0,6398.75,26013
1754996400,6399.0,6443.25,6391.25,6439.75,551286
1755010800,6439.75,6467.25,6439.0,6461.5,371412
1755025200,6461.5,6474.75,6460.75,6471.25,236956
1755043200,6471.25,6472.0,6461.0,6466.5,21131
1755057600,6466.5,6477.25,6463.0,6476.0,22689
1755072000,6476.25,6484.5,6474.75,6481.25,36602
1755086400,6481.25,6502.5,6470.5,6474.25,482366
1755100800,6474.0,6491.25,6466.75,6489.0,440790
1755115200,6489.0,6493.25,6479.75,6484.75,53295
1755133200,6484.75,6486.75,6481.25,6485.25,12360
1755147600,6485.5,6488.0,6477.0,6485.0,24236
1755162000,6484.75,6491.75,6453.25,6465.75,90120
1755176400,6465.5,6495.25,6460.0,6481.0,591813
1755190800,6481.25,6496.0,6478.5,6489.75,409764
1755208800,6489.25,6500.0,6486.75,6498.0,17950
1755223200,6498.0,6506.75,6498.0,6505.75,17031
1755237600,6505.75,6508.75,6491.75,6491.75,33808
1755252000,6492.0,6502.25,6473.5,6477.25,220940
1755266400,6477.0,6485.0,6461.5,6484.25,448705
1755280800,6484.5,6485.5,6464.0,6479.25,320985
1755471600,6479.25,6484.25,6477.75,6482.5,14653
1755486000,6482.5,6483.75,6461.25,6466.25,17575
1755500400,6466.5,6468.75,6456.0,6465.25,36975
1755514800,6465.25,6475.25,6458.5,6468.25,273221
1755529200,6468.0,6474.25,6457.25,6470.5,308939
1755543600,6470.25,6477.5,6466.0,6471.5,176874
1755561600,6471.5,6471.75,6459.25,6460.0,18381
1755576000,6460.25,6462.0,6454.0,6460.25,17684
1755590400,6460.25,6469.0,6458.0,6467.25,29841
1755604800,6467.0,6476.25,6439.0,6442.25,537433
1755619200,6442.0,6446.0,6419.25,6432.75,512492
1755633600,6432.75,6438.0,6422.25,6425.0,64054
1755651600,6424.75,6427.5,6409.25,6413.0,28569
1755666000,6412.75,6425.5,6409.0,6419.5,33752
1755680400,6419.75,6429.75,6417.75,6427.0,52060
1755694800,6427.0,6430.75,6362.75,6397.0,879121
1755709200,6396.75,6424.25,6385.5,6414.5,512453
1755727200,6414.25,6417.75,6401.0,6416.25,24308
1755741600,6416.0,6419.0,6406.5,6413.25,14741
1755756000,6413.5,6418.75,6401.25,6403.75,29803
1755770400,6403.75,6408.25,6375.5,6384.0,234954
1755784800,6383.75,6412.25,6370.25,6391.5,583078
1755799200,6391.5,6397.5,6383.0,6396.75,275088
1755817200,6396.5,6399.25,6385.25,6389.0,22037
1755831600,6389.0,6390.5,6364.0,6376.75,21105
1755846000,6376.75,6406.0,6375.0,6404.0,38352
1755860400,6404.0,6492.75,6398.0,6487.25,568309
1755874800,6487.5,6496.25,6473.75,6485.75,420874
1755889200,6485.75,6494.0,6474.0,6483.0,284331
1756080000,6483.25,6487.25,6471.5,6477.75,24877
1756094400,6477.5,6482.5,6471.75,6474.0,25717
1756108800,6474.0,6475.75,6462.5,6468.25,31422
1756123200,6468.0,6480.25,6460.75,6479.25,378210
1756137600,6479.25,6482.75,6453.25,6454.5,378224
1756152000,6454.75,6463.75,6430.75,6441.25,97454
1756170000,6441.5,6453.0,6437.75,6447.75,23652
1756184400,6448.0,6454.75,6435.0,6446.0,37195
1756198800,6446.0,6453.5,6443.0,6450.75,42897
1756213200,6450.75,6464.75,6444.5,6462.25,420342
1756227600,6462.25,6487.5,6453.5,6487.0,472536
1756245600,6486.75,6489.0,6483.25,6488.5,15950
1756260000,6488.75,6489.25,6483.0,6484.0,9409
1756274400,6484.0,6487.75,6478.0,6484.75,30518
1756288800,6485.0,6488.5,6472.25,6482.0,157673
1756303200,6482.0,6496.75,6481.0,6496.25,359261
1756317600,6496.25,6505.5,6459.25,6478.0,350546
1756335600,6477.75,6489.75,6471.0,6487.75,23585
1756350000,6487.75,6499.75,6485.0,6497.0,18243
1756364400,6497.0,6506.75,6492.0,6495.75,35133
1756378800,6495.5,6508.5,6480.75,6496.5,394334
1756393200,6496.75,6518.5,6488.5,6517.75,372582
1756407600,6517.5,6523.0,6511.5,6514.25,254529
1756425600,6514.0,6516.75,6509.75,6511.75,13857
1756440000,6511.5,6513.0,6502.75,6503.0,18209
1756454400,6503.0,6504.75,6488.75,6495.75,41839
1756468800,6495.5,6505.75,6455.5,6462.25,630220
1756483200,6462.0,6476.0,6458.5,6475.25,495255
1756497600,6475.25,6491.5,6470.75,6488.75,80760
1756688400,6488.75,6489.0,6465.0,6469.0,18082
1756702800,6469.0,6485.0,6459.5,6482.0,29659
1756717200,6481.75,6482.5,6470.25,6474.25,18723
1756731600,6474.25,6484.0,6467.75,6483.0,36057
1756764000,6480.75,6482.25,6465.75,6469.0,22203
1756778400,6469.0,6471.25,6463.0,6464.0,13804
1756792800,6464.25,6472.5,6427.75,6438.0,66151
1756807200,6438.0,6441.0,6383.25,6414.5,350293
1756821600,6414.0,6425.0,6371.75,6406.75,708935
1756836000,6406.75,6448.0,6396.0,6437.0,464365
1756854000,6437.0,6438.0,6428.75,6430.5,22199
1756868400,6430.5,6437.5,6425.5,6434.0,29382
1756882800,6434.0,6458.25,6428.0,6457.25,56637
1756897200,6457.0,6463.75,6437.75,6461.75,436188
1756911600,6461.75,6464.25,6426.5,6431.0,534334
1756926000,6430.75,6462.75,6427.75,6455.75,305046
1756944000,6455.75,6472.25,6454.5,6460.5,26291
1756958400,6460.25,6469.5,6458.5,6466.0,26365
1756972800,6466.25,6473.75,6462.75,6465.5,34938
1756987200,6465.75,6487.75,6456.25,6483.25,492436
1757001600,6483.25,6512.75,6479.5,6511.25,458937
1757016000,6511.0,6519.75,6508.5,6519.25,82736
1757034000,6519.5,6522.5,6517.5,6520.75,10646
1757048400,6520.5,6531.0,6519.25,6526.25,33634
1757062800,6526.5,6535.75,6502.5,6535.5,105754
1757077200,6535.75,6541.75,6452.0,6483.5,997011
1757091600,6483.5,6493.0,6464.75,6488.75,474000
1757282400,6483.75,6507.5,6480.25,6501.5,34615
1757296800,6501.75,6502.25,6493.75,6494.0,14751
1757311200,6493.75,6507.0,6493.75,6506.0,33063
1757325600,6506.0,6509.0,6496.75,6501.75,189954
1757340000,6501.75,6516.5,6490.25,6493.75,509577
1757354400,6493.75,6513.5,6491.25,6513.0,331362
1757372400,6513.25,6515.25,6504.0,6512.25,19800
1757386800,6512.25,6517.75,6508.25,6515.75,19031
1757401200,6515.75,6523.5,6510.0,6511.75,34181
1757415600,6511.5,6515.0,6489.25,6500.5,395495
1757430000,6500.25,6518.5,6495.0,6516.0,403626
1757444400,6516.0,6537.25,6513.0,6529.75,249275
1757462400,6529.75,6537.75,6529.0,6537.5,19017
1757476800,6537.5,6543.75,6535.5,6541.0,28761
1757491200,6541.0,6545.5,6529.5,6543.5,40849
1757505600,6543.5,6565.25,6538.75,6549.5,598896
1757520000,6549.75,6551.0,6522.5,6539.25,541557
1757534400,6539.0,6548.0,6535.5,6545.75,58736
1757552400,6545.75,6547.75,6539.5,6539.5,12821
1757566800,6539.75,6551.25,6537.25,6547.5,25660
1757581200,6547.5,6562.25,6535.5,6558.0,92075
1757595600,6557.75,6595.0,6552.0,6588.0,589198
1757610000,6588.0,6600.0,6585.0,6591.75,396928
1757628000,6596.25,6596.25,6587.5,6587.75,18684
1757642400,6588.0,6594.25,6586.25,6593.25,13991
1757656800,6593.25,6593.5,6576.0,6583.5,39038
1757671200,6583.5,6594.5,6582.75,6593.0,149688
1757685600,6593.5,6598.75,6585.75,6597.25,360215
1757700000,6597.5,6606.0,6583.0,6591.5,368678
1757890800,6591.5,6592.25,6585.25,6592.25,8107
1757905200,6592.0,6599.25,6591.5,6598.5,8286
1757919600,6598.25,6600.75,6586.25,6598.5,25962
1757934000,6598.75,6623.0,6598.25,6622.5,137043
1757948400,6622.5,6623.5,6605.5,6612.75,154908
1757962800,6612.5,6622.75,6609.75,6620.25,99084
1757980800,6620.25,6627.75,6615.25,6627.25,6506
1757995200,6627.0,6631.75,6625.25,6630.25,6599
1758009600,6630.0,6639.0,6629.75,6631.5,10997
1758024000,6631.75,6632.0,6604.25,6609.0,98392
1758038400,6608.75,6619.75,6607.0,6611.5,90011
1758052800,6611.5,6617.25,6610.75,6614.75,12962
1758070800,6614.75,6615.5,6606.75,6608.5,2157
1758085200,6608.5,6615.5,6595.0,6608.25,8937
1758099600,6608.5,6612.25,6602.5,6610.75,8204
1758114000,6610.5,6618.25,6592.75,6594.75,48526
1758128400,6594.75,6629.0,6554.0,6607.75,177367
1758146400,6606.0,6627.25,6605.75,6625.5,4879
1758160800,6625.5,6636.0,6623.75,6629.25,2922
1758175200,6628.75,6662.0,6622.25,6657.5,9809
1758189600,6657.25,6660.0,6613.0,6631.0,29605
1758204000,6631.25,6661.5,6630.5,6638.0,55245
1758218400,6637.75,6647.0,6630.0,6645.75,32058
1758236400,6645.75,6705.75,6635.0,6641.75,8125
1758243600,6696.5,6701.0,6636.0,6639.0,10156
1758250800,6696.5,6703.0,6632.5,6635.75,11593
1758258000,6698.75,6699.5,6622.75,6630.75,17986
1758265200,6684.0,6695.5,6630.0,6635.5,20512
1758272400,6692.75,6697.75,6634.0,6642.25,15863
1758279600,6696.0,6706.25,6641.25,6657.25,34262
1758286800,6702.75,6712.5,6687.25,6710.0,589126
1758301200,6710.0,6731.5,6706.75,6719.75,508062
1758492000,6716.0,6721.25,6710.5,6714.5,23806
1758506400,6714.25,6719.0,6713.5,6714.75,12629
1758520800,6715.0,6715.75,6695.25,6702.75,45233
1758535200,6702.75,6719.25,6698.5,6717.75,161901
1758549600,6718.0,6752.0,6715.5,6747.5,456087
1758564000,6747.5,6756.75,6744.5,6748.25,322300
1758582000,6748.25,6753.25,6747.5,6750.5,13822
1758596400,6750.5,6754.0,6746.25,6753.25,14202
1758610800,6753.25,6754.75,6745.75,6749.25,41014
1758625200,6749.0,6756.5,6744.0,6745.75,283647
1758639600,6745.75,6747.5,6701.75,6703.0,578904
1758654000,6703.0,6722.5,6702.75,6717.75,281145
1758672000,6717.75,6719.0,6711.75,6718.25,20426
1758686400,6718.25,6728.0,6715.5,6726.5,27880
1758700800,6726.75,6728.75,6721.5,6725.75,32764
1758715200,6725.5,6728.5,6683.75,6685.5,467288
1758729600,6685.5,6700.0,6678.0,6692.0,580981
1758744000,6692.0,6703.0,6692.0,6702.25,63419
1758762000,6702.25,6705.25,6698.75,6700.0,12112
1758776400,6699.75,6700.5,6683.75,6690.0,33614
1758790800,6690.0,6692.5,6653.5,6658.75,103563
1758805200,6658.5,6675.0,6631.25,6659.0,852939
1758819600,6659.0,6666.5,6624.25,6662.0,620027
1758837600,6662.75,6669.0,6656.0,6658.25,23994
1758852000,6658.25,6663.75,6653.25,6661.0,23147
1758866400,6661.0,6674.5,6657.0,6664.5,46877
1758880800,6664.75,6698.25,6657.0,6697.0,237568
1758895200,6697.0,6703.75,6657.25,6692.5,636408
1758909600,6692.25,6705.75,6687.25,6703.0,313196
1759100400,6702.75,6714.75,6702.25,6714.5,25006
1759114800,6714.25,6724.75,6713.5,6722.0,21817
1759129200,6722.25,6736.0,6717.0,6733.25,49563
1759143600,6733.25,6735.75,6715.75,6723.25,338608
1759158000,6723.25,6725.25,6699.5,6711.5,425798
1759172400,6711.75,6716.25,6696.25,6711.25,280438
1759190400,6711.25,6717.0,6706.75,6713.5,20318
1759204800,6713.5,6715.75,6694.25,6702.75,30517
1759219200,6702.25,6705.5,6695.75,6701.5,40081
1759233600,6701.5,6713.75,6693.0,6707.0,531819
1759248000,6707.25,6743.5,6694.25,6737.25,716451
1759262400,6737.0,6738.75,6713.25,6714.75,106232
1759280400,6714.75,6717.0,6706.0,6708.5,22040
1759294800,6708.75,6709.75,6680.0,6696.0,78935
1759309200,6696.0,6715.25,6695.25,6710.5,89074
1759323600,6710.75,6747.5,6705.25,6744.25,570712
1759338000,6744.25,6769.5,6743.0,6757.0,464282
1759356000,6757.0,6771.75,6756.0,6771.25,25156
1759370400,6771.25,6771.5,6763.75,6768.5,16170
1759384800,6768.5,6775.0,6763.75,6770.5,43734
1759399200,6770.25,6782.25,6761.75,6768.5,206621
1759413600,6768.25,6769.25,6741.5,6762.75,542101
1759428000,6763.0,6771.5,6758.75,6765.5,304186
1759446000,6765.25,6777.75,6763.75,6776.5,18071
1759460400,6776.75,6784.75,6776.25,6783.0,17095
1759474800,6783.25,6787.5,6779.75,6780.25,33726
1759489200,6780.0,6795.5,6766.5,6793.75,342473
1759503600,6794.0,6800.0,6754.0,6771.5,637839
1759518000,6771.25,6783.5,6760.25,6778.5,269989
1759708800,6778.5,6785.5,6775.0,6783.0,17696
1759723200,6783.25,6787.5,6771.75,6778.25,32087
1759737600,6778.25,6793.75,6778.0,6788.0,52122
1759752000,6788.25,6794.0,6766.5,6790.5,457714
1759766400,6790.25,6797.75,6785.25,6788.5,411299
1759780800,6788.5,6793.0,6775.25,6777.25,76242
1759798800,6777.25,6786.0,6775.25,6785.25,12514
1759813200,6785.25,6786.0,6774.0,6783.25,33896
1759827600,6783.25,6799.5,6782.25,6798.75,44142
1759842000,6799.0,6802.75,6747.25,6754.5,820525
1759856400,6754.25,6767.75,6748.5,6765.0,441011
1759874400,6766.0,6770.25,6758.25,6768.5,22376
1759888800,6768.5,6772.5,6764.5,6764.5,13957
1759903200,6764.75,6774.5,6759.0,6771.0,37150
1759917600,6770.75,6776.5,6764.25,6773.5,178465
1759932000,6773.5,6802.75,6773.5,6797.75,429106
1759946400,6797.75,6807.75,6792.25,6807.0,324484
1759964400,6807.0,6812.25,6794.5,6795.0,27498
1759978800,6795.0,6807.5,6795.0,6801.5,22053
1759993200,6801.75,6804.25,6795.5,6799.5,38106
1760007600,6799.5,6809.5,6768.5,6782.75,415848
1760022000,6782.75,6788.0,6760.75,6767.75,551993
1760036400,6767.75,6789.5,6767.0,6789.25,265336
1760054400,6789.25,6792.75,6784.5,6785.75,19465
1760068800,6786.0,6792.75,6779.25,6786.25,30288
1760083200,6786.25,6790.0,6772.5,6788.0,47493
1760097600,6787.75,6806.5,6659.0,6682.75,1086625
1760112000,6682.5,6692.25,6591.75,6595.0,1122221
1760126400,6595.25,6679.0,6540.25,6677.75,244958
1760317200,6677.75,6685.0,6668.25,6679.0,52978
1760331600,6679.0,6706.25,6672.25,6688.75,95242
1760346000,6688.5,6689.75,6653.25,6669.25,135867
1760360400,6669.25,6708.75,6661.75,6707.5,839556
1760374800,6707.5,6711.5,6681.5,6689.75,492615
1760392800,6691.0,6718.5,6688.0,6710.75,40851
1760407200,6710.5,6712.75,6637.75,6651.0,72069
1760421600,6650.75,6658.75,6623.25,6635.25,113588
1760436000,6635.25,6642.5,6593.25,6630.5,421113
1760450400,6630.25,6722.5,6627.0,6715.25,861615
1760464800,6715.5,6717.75,6666.0,6690.75,588003
1760482800,6690.5,6705.5,6683.5,6697.0,26573
1760497200,6696.75,6715.75,6691.75,6715.25,30653
1760511600,6714.75,6731.25,6709.0,6728.75,55827
1760526000,6728.5,6766.75,6724.25,6754.25,488388
1760540400,6754.25,6755.75,6651.5,6720.5,977257
1760554800,6720.5,6726.5,6695.75,6715.0,368612
1760572800,6714.75,6716.75,6702.5,6709.75,26568
1760587200,6709.75,6736.0,6708.75,6732.25,42772
1760601600,6732.0,6745.25,6726.25,6739.75,50448
1760616000,6739.75,6750.5,6701.75,6707.5,738320
1760630400,6707.75,6714.0,6632.0,6668.5,1219608
1760644800,6668.75,6673.75,6641.75,6651.5,100227
1760662800,6651.5,6663.0,6635.5,6636.75,38368
1760677200,6637.0,6637.5,6571.25,6591.0,139733
1760691600,6590.75,6672.0,6589.5,6658.5,249860
1760706000,6658.25,6697.5,6640.5,6680.0,1003364
1760720400,6680.0,6718.0,6665.0,6711.0,536029
1760911200,6721.0,6726.0,6694.0,6713.25,48568
1760925600,6713.0,6732.0,6709.25,6728.75,21678
1760940000,6728.75,6737.5,6717.25,6722.5,43319
1760954400,6722.75,6754.75,6711.5,6747.5,211222
1760968800,6747.5,6782.0,6747.5,6778.75,509818
1760983200,6778.75,6783.0,6770.0,6777.5,313546
1761001200,6777.75,6785.0,6776.0,6780.25,20394
1761015600,6780.5,6782.0,6764.5,6767.5,22630
1761030000,6767.75,6772.0,6763.25,6771.25,42892
1761044400,6771.0,6786.25,6759.25,6785.75,419574
1761058800,6785.5,6789.75,6767.25,6779.5,531449
1761073200,6779.25,6784.0,6764.75,6769.75,215992
1761091200,6769.75,6780.0,6764.0,6779.5,22773
1761105600,6779.5,6788.75,6775.25,6781.75,27358
1761120000,6782.0,6782.75,6765.5,6769.25,49883
1761134400,6769.25,6781.75,6732.25,6748.75,761646
1761148800,6749.0,6750.75,6690.75,6737.0,922712
1761163200,6737.0,6744.75,6717.5,6737.0,71423
1761181200,6736.75,6750.25,6736.25,6741.5,25517
1761195600,6741.75,6751.75,6738.25,6744.75,35025
1761210000,6744.75,6746.75,6719.5,6736.0,70618
1761224400,6736.0,6774.0,6724.0,6772.75,674115
1761238800,6773.0,6785.75,6762.5,6777.75,488670
1761256800,6778.25,6785.5,6776.5,6784.75,16743
1761271200,6784.75,6791.75,6781.75,6791.5,17102
1761285600,6791.5,6798.75,6784.0,6794.5,43299
1761300000,6794.5,6837.25,6792.5,6829.5,282050
1761314400,6830.0,6841.25,6815.25,6836.75,504226
1761328800,6836.75,6890.0,6823.75,6872.0,367155
1761519600,6872.25,6876.75,6867.5,6875.0,32537
1761534000,6875.0,6888.25,6874.25,6884.5,25678
1761548400,6884.5,6889.0,6876.5,6886.5,49874
1761562800,6886.5,6892.5,6877.0,6883.0,359088
1761577200,6883.0,6898.75,6881.25,6897.5,337014
1761591600,6897.5,6917.75,6896.25,6911.0,312919
1761609600,6910.75,6912.0,6905.25,6908.25,21985
1761624000,6908.0,6909.75,6902.25,6903.5,23227
1761638400,6903.75,6914.0,6901.5,6912.5,42932
1761652800,6912.75,6927.5,6903.0,6911.0,421848
1761667200,6910.75,6944.75,6910.75,6925.5,586112
1761681600,6925.5,6931.5,6921.5,6926.0,65942
1761699600,6925.75,6940.0,6925.5,6938.75,24176
1761714000,6938.5,6949.25,6935.75,6937.25,35322
1761728400,6937.25,6948.5,6930.75,6942.0,57401
1761742800,6942.0,6952.0,6929.75,6940.0,509266
1761757200,6939.75,6945.5,6882.25,6918.0,824156
1761775200,6906.5,6940.0,6902.5,6935.75,41362
1761789600,6936.0,6953.75,6901.0,6929.75,90184
1761804000,6929.75,6932.75,6905.75,6908.25,53649
1761818400,6908.5,6929.75,6867.75,6904.25,346917
1761832800,6904.0,6913.75,6883.75,6898.25,672524
1761847200,6898.0,6900.0,6851.0,6893.25,566283
1761865200,6893.5,6904.5,6888.0,6897.0,31998
1761879600,6896.75,6903.0,6893.0,6895.75,25302
1761894000,6896.0,6906.25,6893.0,6898.0,36654
1761908400,6898.0,6918.5,6873.75,6896.5,445299
1761922800,6896.5,6899.5,6843.5,6878.0,723857
1761937200,6878.0,6900.0,6866.75,6898.25,434281
1762131600,6898.25,6899.25,6880.75,6887.0,28022
1762146000,6887.0,6889.5,6873.25,6887.25,29234
1762160400,6887.25,6903.0,6887.0,6891.75,44112
1762174800,6891.5,6909.5,6849.5,6884.75,637715
1762189200,6884.75,6893.25,6874.75,6885.25,498051
1762203600,6885.25,6892.5,6862.0,6866.0,70858
1762221600,6866.0,6866.25,6826.5,6830.0,51552
1762236000,6830.0,6830.5,6791.5,6792.75,99741
1762250400,6792.75,6820.5,6786.25,6809.0,111176
1762264800,6808.75,6849.25,6795.75,6809.25,784419
1762279200,6809.25,6816.0,6794.75,6806.25,551660
1762297200,6801.0,6806.5,6748.5,6775.25,94489
1762311600,6775.5,6801.25,6775.25,6797.75,49055
1762326000,6797.75,6801.25,6773.25,6773.5,55446
1762340400,6773.5,6824.5,6771.75,6822.0,243069
1762354800,6821.75,6857.75,6809.5,6855.5,586578
1762369200,6855.25,6855.25,6820.0,6834.75,382757
1762387200,6834.75,6835.0,6805.5,6823.25,42444
1762401600,6823.0,6827.5,6807.75,6808.5,24326
1762416000,6808.5,6834.0,6804.0,6828.5,41994
1762430400,6828.25,6843.5,6754.25,6756.25,617924
1762444800,6756.0,6784.5,6733.5,6777.0,740610
1762459200,6776.75,6780.75,6742.5,6766.5,316933
1762477200,6766.5,6767.25,6732.0,6749.5,55589
1762491600,6749.25,6770.75,6749.0,6762.5,41558
1762506000,6762.25,6766.25,6712.25,6717.75,95960
1762520400,6717.75,6730.5,6657.0,6663.25,856746
1762534800,6663.25,6755.5,6655.5,6753.25,903620
1762549200,6753.5,6798.0,6753.25,6797.25,120262
1762740000,6797.0,6806.25,6793.25,6803.5,35362
1762754400,6803.5,6823.5,6796.25,6819.25,63137
1762768800,6819.5,6821.75,6811.0,6819.75,54993
1762783200,6819.75,6840.75,6792.75,6837.75,795575
1762797600,6837.75,6865.75,6836.75,6857.75,520200
1762815600,6857.25,6867.0,6854.25,6860.25,28050
1762830000,6860.25,6862.75,6847.25,6852.0,26845
1762844400,6852.25,6853.75,6839.0,6843.0,38212
1762858800,6843.25,6852.0,6835.75,6850.5,183695
1762873200,6850.5,6876.75,6830.5,6875.75,693620
1762887600,6875.75,6880.0,6866.75,6871.25,339114
1762905600,6871.5,6889.25,6870.75,6882.75,34059
1762920000,6882.5,6898.0,6877.25,6892.0,24636
1762934400,6892.0,6900.5,6882.75,6885.25,44658
1762948800,6885.25,6898.5,6860.75,6866.25,403337
1762963200,6866.5,6884.25,6852.0,6870.5,597435
1762977600,6870.5,6884.0,6851.25,6863.75,261943
1762995600,6863.75,6889.5,6862.25,6886.25,44383
1763010000,6886.5,6892.5,6878.25,6884.0,25324
1763024400,6884.0,6885.0,6858.75,6865.75,54814
1763038800,6865.75,6866.75,6783.25,6793.0,840522
1763053200,6793.0,6806.0,6746.0,6762.0,944523
1763067600,6762.0,6778.5,6761.0,6768.5,94304
1763085600,6768.75,6774.75,6743.75,6764.0,44040
1763100000,6763.75,6764.25,6728.25,6738.25,90451
1763114400,6738.0,6748.5,6677.75,6692.0,162304
1763128800,6692.25,6795.5,6670.5,6779.25,1073659
1763143200,6779.25,6789.75,6750.0,6765.25,624664
1763334000,6764.75,6782.0,6740.5,6781.0,52613
1763348400,6780.75,6788.25,6778.25,6779.5,24112
1763362800,6779.5,6801.5,6764.25,6769.0,50778
1763377200,6769.0,6779.25,6726.5,6765.0,251307
1763391600,6765.25,6769.5,6702.0,6702.75,817199
1763406000,6702.75,6706.25,6658.5,6701.5,637463
1763424000,6701.5,6708.75,6672.5,6675.25,63068
1763438400,6675.25,6675.25,6635.5,6655.0,92310
1763452800,6655.25,6685.75,6654.25,6675.0,71479
1763467200,6674.75,6679.0,6603.25,6607.5,817864
1763481600,6607.5,6687.5,6594.0,6680.0,999445
1763496000,6680.0,6685.5,6622.5,6635.75,429603
1763514000,6635.75,6652.5,6621.5,6627.0,47554
1763528400,6627.25,6652.5,6613.25,6639.25,52194
1763542800,6639.0,6668.75,6634.75,6661.75,60965
1763557200,6662.0,6709.0,6635.75,6660.0,846476
1763571600,6660.0,6683.5,6622.0,6661.75,841335
1763586000,6661.5,6743.25,6652.25,6742.0,148002
1763604000,6741.75,6754.0,6737.5,6746.5,34981
1763618400,6746.75,6757.0,6725.5,6729.0,60238
1763632800,6729.0,6772.75,6724.0,6767.75,113641
1763647200,6767.75,6791.25,6588.25,6606.5,1567460
1763661600,6606.75,6654.0,6550.5,6552.0,1056740
1763679600,6560.0,6589.0,6539.25,6580.5,79986
1763694000,6580.5,6594.0,6566.25,6577.0,47816
1763708400,6576.75,6585.0,6525.0,6560.75,122329
1763722800,6561.25,6599.0,6531.5,6576.25,416415
1763737200,6576.5,6672.75,6539.0,6654.0,1227343
1763751600,6654.25,6677.5,6614.0,6653.25,607432
1763942400,6653.25,6662.5,6637.0,6655.5,37220
1763956800,6655.25,6662.75,6645.75,6660.25,29363
1763971200,6660.25,6669.5,6625.0,6645.75,80828
1763985600,6645.5,6703.75,6639.25,6696.75,539086
1764000000,6697.0,6729.5,6696.75,6714.5,537369
1764014400,6714.5,6731.75,6714.5,6723.25,334957
1764032400,6723.0,6724.0,6713.5,6719.75,25280
1764046800,6719.75,6723.75,6706.75,6709.25,32902
1764061200,6709.5,6732.5,6701.75,6717.5,60086
1764075600,6717.25,6749.75,6674.5,6747.5,757303
1764090000,6747.5,6792.5,6747.25,6780.25,626313
1764104400,6780.25,6798.0,6778.25,6797.5,72239
1764122400,6797.25,6804.25,6795.75,6803.0,24312
1764136800,6803.0,6810.75,6793.25,6795.25,45185
1764151200,6795.25,6805.0,6787.0,6803.75,67421
1764165600,6804.0,6846.75,6795.75,6840.5,714836
1764180000,6840.5,6845.25,6825.0,6830.25,508808
1764198000,6830.25,6833.75,6827.5,6829.0,15642
1764212400,6829.0,6833.25,6825.0,6825.5,10759
1764226800,6825.5,6832.75,6824.25,6828.5,17436
1764241200,6828.5,6831.75,6824.75,6827.5,21607
1764255600,6827.5,6836.75,6825.0,6836.5,20648
1764288000,6836.5,6844.5,6832.25,6837.25,10108
1764338400,6837.0,6863.75,6831.25,6860.5,270060
1764352800,6860.25,6864.5,6817.25,6825.25,94733
1764554400,6825.5,6827.0,6802.0,6811.75,44680
1764568800,6811.5,6829.75,6808.25,6816.25,46243
1764583200,6816.5,6825.75,6805.0,6817.25,60904
1764597600,6817.25,6853.5,6811.75,6846.0,696732
1764612000,6846.0,6855.75,6819.25,6826.75,503761
1764630000,6829.0,6833.25,6822.0,6829.25,24682
1764644400,6829.0,6829.5,6814.25,6821.0,20180
1764658800,6821.0,6846.75,6812.25,6845.0,38688
1764673200,6845.25,6854.75,6837.0,6848.25,188301
1764687600,6848.25,6863.5,6818.0,6835.75,793190
1764702000,6835.5,6853.5,6832.25,6845.75,331167
1764720000,6846.0,6857.0,6837.25,6855.75,25553
1764734400,6855.75,6857.75,6849.25,6852.5,15388
1764748800,6852.5,6856.0,6845.75,6850.5,30542
1764763200,6850.25,6862.25,6817.5,6847.0,494528
1764777600,6847.0,6871.75,6840.0,6870.25,445109
1764792000,6870.25,6873.25,6857.75,6859.5,240803
1764810000,6859.5,6865.0,6857.0,6862.75,17543
1764824400,6863.0,6868.5,6854.25,6858.75,21619
1764838800,6859.0,6871.25,6855.75,6868.25,36032
1764853200,6868.25,6880.75,6844.5,6867.25,570436
1764867600,6867.0,6871.0,6836.25,6867.5,569694
1764882000,6867.25,6875.75,6861.25,6875.5,59784
1764900000,6875.5,6882.0,6874.5,6882.0,15303
1764914400,6882.0,6886.25,6876.5,6878.5,26843
1764928800,6878.75,6882.25,6856.75,6864.0,53089
1764943200,6864.0,6905.0,6863.75,6883.5,733322
1764957600,6883.25,6890.5,6866.75,6879.5,408357
1765148400,6883.0,6887.75,6872.75,6887.75,24408
1765162800,6887.5,6892.25,6886.5,6888.0,14370
1765177200,6888.0,6893.75,6882.25,6887.25,29833
1765191600,6887.0,6893.25,6869.25,6874.0,173663
1765206000,6873.75,6877.25,6835.25,6841.0,571402
1765220400,6841.0,6868.5,6836.25,6868.5,344797
1765238400,6868.25,6868.5,6859.0,6862.75,17069
1765252800,6862.75,6865.0,6855.0,6864.25,14132
1765267200,6864.0,6868.25,6844.75,6861.5,52620
1765281600,6861.75,6868.5,6845.0,6864.0,301846
1765296000,6863.75,6872.75,6850.75,6855.25,362500
1765310400,6855.0,6857.5,6843.25,6843.25,181720
1765328400,6843.25,6854.25,6842.25,6851.5,16590
1765342800,6851.25,6859.25,6845.75,6854.5,23197
1765357200,6854.5,6857.75,6834.25,6843.0,50664
1765371600,6843.25,6856.5,6830.75,6853.75,453698
1765386000,6853.5,6908.0,6842.25,6892.0,736051
1765400400,6892.25,6896.0,6868.75,6869.75,76586
1765418400,6869.75,6869.75,6817.5,6836.0,72905
1765432800,6836.0,6858.0,6828.25,6855.25,52376
1765447200,6855.25,6877.0,6850.75,6864.25,62056
1765461600,6864.5,6897.25,6838.0,6889.75,865644
1765476000,6889.5,6928.75,6887.75,6925.0,430528
1765494000,6914.0,6915.5,6898.5,6909.5,34712
1765508400,6909.75,6913.5,6903.25,6907.75,20321
1765522800,6907.5,6912.5,6892.0,6898.0,42004
1765537200,6898.25,6909.0,6885.75,6889.0,207194
1765551600,6889.0,6889.5,6805.0,6839.25,1060159
1765566000,6839.25,6840.5,6814.25,6833.0,454156
1765756800,6833.0,6850.75,6831.5,6846.0,15203
1765771200,6846.25,6851.5,6842.0,6845.5,11246
1765785600,6845.5,6866.25,6841.75,6864.75,23435
1765800000,6864.75,6872.5,6806.25,6824.75,217135
1765814400,6824.75,6844.0,6807.5,6830.5,214509
1765828800,6830.25,6830.75,6805.5,6808.0,108010
1765846800,6808.25,6812.25,6780.5,6793.5,19400
1765861200,6793.25,6800.0,6775.25,6799.5,15066
1765875600,6799.25,6822.25,6789.0,6817.0,14956
1765890000,6816.75,6833.75,6777.0,6795.5,135018
1765904400,6795.75,6817.75,6762.0,6800.25,144534
1765918800,6800.0,6801.75,6780.0,6800.25,22464
1765936800,6800.25,6802.75,6788.5,6798.75,4393
1765951200,6798.5,6822.25,6798.5,6820.0,9484
1765965600,6819.75,6826.75,6807.5,6818.5,18824
1765980000,6818.5,6822.5,6741.25,6749.25,97574
1765994400,6749.0,6760.25,6723.75,6733.75,69161
1766012400,6739.25,6743.25,6724.25,6734.25,8963
1766026800,6734.0,6737.75,6720.25,6734.75,4976
1766041200,6735.0,6756.25,6734.5,6753.25,7745
1766055600,6753.5,6797.0,6749.5,6791.75,34036
1766070000,6792.25,6818.5,6759.75,6793.5,91683
1766084400,6793.25,6796.75,6764.0,6777.5,56310
1766102400,6777.75,6833.0,6770.0,6830.5,15861
1766109600,6777.5,6836.75,6770.0,6834.5,17373
1766116800,6781.5,6836.5,6775.0,6827.75,11132
1766124000,6774.75,6841.25,6768.75,6840.0,17958
1766131200,6788.0,6854.25,6787.5,6852.75,24172
1766138400,6801.5,6853.5,6787.0,6842.25,21111
1766145600,6791.0,6846.0,6777.75,6836.0,47911
1766152800,6784.0,6888.25,6780.0,6879.75,581260
1766163600,6879.5,6893.75,6879.0,6888.5,454946
1766178000,6888.5,6910.0,6886.25,6907.0,89460
1766368800,6907.0,6909.0,6901.25,6903.25,14197
1766383200,6903.25,6913.0,6903.25,6910.5,24595
1766397600,6910.75,6919.5,6909.25,6919.25,39390
1766412000,6919.25,6936.25,6908.5,6934.75,487406
1766426400,6934.75,6935.0,6924.5,6930.75,343061
1766444400,6930.75,6935.75,6928.5,6933.0,18953
1766458800,6933.0,6934.25,6922.25,6924.5,13581
1766473200,6924.5,6936.75,6923.0,6932.75,22680
1766487600,6932.75,6943.5,6913.25,6935.0,172715
1766502000,6934.75,6959.0,6924.0,6956.75,349020
1766516400,6956.75,6963.75,6955.5,6957.0,249364
1766534400,6957.25,6959.5,6953.5,6955.25,14364
1766548800,6955.0,6956.25,6952.5,6953.5,9242
1766563200,6953.5,6959.0,6953.5,6956.5,12331
1766577600,6956.75,6975.25,6956.0,6975.0,156050
1766592000,6975.0,6990.0,6973.75,6984.75,231142
1766707200,6984.5,6989.0,6980.75,6981.25,11292
1766721600,6981.0,6982.25,6974.75,6976.75,9737
1766736000,6976.75,6982.0,6974.0,6977.75,12326
1766750400,6977.75,6994.0,6973.0,6984.75,206582
1766764800,6984.75,6986.25,6969.0,6978.0,215021
1766779200,6978.0,6984.75,6976.5,6984.5,141551
1766970000,6984.25,6984.75,6972.75,6976.5,15560
1766984400,6976.5,6976.75,6957.5,6959.0,27034
1766998800,6959.25,6966.75,6956.5,6960.0,29915
1767013200,6959.75,6967.75,6942.25,6946.5,400636
1767027600,6946.5,6962.5,6936.0,6955.0,322318
1767042000,6955.25,6957.25,6948.25,6953.5,40848
1767060000,6953.5,6957.75,6948.25,6955.5,11235
1767074400,6955.5,6957.25,6943.75,6954.5,23400
1767088800,6954.75,6956.0,6947.0,6952.5,34119
1767103200,6952.5,6961.5,6940.75,6951.25,390004
1767117600,6951.25,6954.5,6942.25,6945.5,258286
1767135600,6945.5,6948.25,6928.25,6937.25,18980
1767150000,6937.0,6938.75,6926.5,6929.5,10217
1767164400,6929.25,6932.75,6922.25,6926.75,18692
1767178800,6927.0,6951.5,6925.25,6932.0,139691
1767193200,6932.25,6933.5,6913.75,6931.25,294519
1767207600,6931.0,6935.25,6890.25,6902.75,438154
1767312000,6902.75,6923.5,6898.25,6923.5,25137
1767326400,6923.5,6925.75,6920.25,6921.75,19290
1767340800,6921.75,6938.5,6921.5,6933.25,50833
1767355200,6933.0,6939.75,6880.25,6884.0,544748
1767369600,6884.0,6908.75,6866.75,6900.25,611710
1767384000,6900.5,6911.5,6889.5,6908.0,272287
1767574800,6908.0,6912.75,6906.0,6911.75,26680
1767589200,6911.75,6920.75,6906.0,6916.25,34428
1767603600,6916.0,6925.75,6911.5,6921.0,37623
1767618000,6921.0,6963.5,6912.25,6957.75,560252
1767632400,6958.0,6960.25,6940.0,6946.0,475784
1767646800,6946.25,6948.75,6939.5,6947.5,56959
1767664800,6947.75,6955.0,6946.25,6953.0,19515
1767679200,6952.75,6958.75,6931.0,6939.25,46737
1767693600,6939.25,6949.25,6938.25,6943.75,42766
1767708000,6943.75,6979.0,6939.75,6977.75,626749
1767722400,6977.75,6991.5,6973.5,6988.5,375833
1767740400,6988.5,6991.5,6986.25,6987.0,22949
1767754800,6987.25,6989.25,6981.0,6981.5,16289
1767769200,6981.25,6984.75,6975.25,6978.5,28284
1767783600,6978.5,6998.25,6977.25,6992.5,168976
1767798000,6993.0,7006.75,6976.25,6995.0,552340
1767812400,6995.25,6995.75,6958.0,6964.5,404575
1767830400,6964.5,6968.75,6953.75,6954.75,27370
1767844800,6954.75,6957.75,6935.25,6948.0,38728
1767859200,6948.0,6957.0,6943.75,6949.0,42925
1767873600,6948.75,6966.0,6940.0,6964.5,460182
1767888000,6964.5,6972.5,6949.25,6955.25,465945
1767902400,6955.0,6977.75,6953.75,6961.5,226000
1767920400,6961.5,6964.5,6954.25,6961.25,20173
1767934800,6961.5,6965.5,6956.25,6957.75,21203
1767949200,6957.75,6973.25,6956.75,6971.75,29753
1767963600,6971.75,7005.25,6955.75,7004.0,683502
1767978000,7003.75,7017.5,6998.25,7004.75,451276
1767992400,7004.5,7008.5,6967.25,6977.25,115592
1768183200,6977.5,6977.5,6958.25,6962.5,37030
1768197600,6962.5,6970.75,6950.0,6957.75,59575
1768212000,6958.0,6970.5,6955.5,6966.75,58122
1768226400,6966.75,7012.5,6964.5,7010.5,477461
1768240800,7010.75,7025.25,7009.75,7011.5,312548
1768258800,7014.0,7014.0,6998.75,7007.25,32613
1768273200,7007.25,7014.0,7004.75,7011.0,14318
1768287600,7011.25,7013.0,7002.5,7005.25,26901
1768302000,7005.25,7036.25,7003.75,7005.25,261529
1768316400,7005.25,7015.25,6983.5,6990.75,640597
1768330800,6991.0,7004.25,6976.75,6997.75,347679
1768348800,6997.75,7002.5,6991.0,6998.5,21589
1768363200,6998.25,6999.0,6983.25,6989.0,23067
1768377600,6989.0,6994.0,6966.25,6972.25,56811
1768392000,6972.25,6981.25,6926.5,6933.5,582871
1768406400,6933.5,6957.0,6923.25,6943.25,585109
1768420800,6943.0,6970.75,6935.5,6958.25,415021
1768438800,6958.25,6965.25,6952.5,6957.0,25348
1768453200,6956.75,6979.75,6956.75,6978.0,45009
1768467600,6978.25,6994.0,6977.25,6992.75,54350
1768482000,6992.5,7016.5,6989.25,7013.25,539498
1768496400,7013.25,7017.25,6974.75,6984.75,512282
1768510800,6984.5,6995.25,6981.0,6993.5,59913
1768528800,6993.25,7003.75,6991.75,7001.25,17045
1768543200,7001.5,7007.0,6996.75,6998.0,26317
1768557600,6998.0,7004.25,6987.25,6990.75,56868
1768572000,6990.75,7002.25,6960.5,6979.25,678850
1768586400,6979.5,6997.5,6973.5,6977.75,407276
1768777200,6918.25,6935.0,6911.0,6922.5,70261
1768791600,6922.25,6922.75,6912.5,6915.75,21996
1768806000,6916.0,6924.5,6890.25,6893.5,74287
1768820400,6893.5,6909.75,6887.5,6899.75,77301
1768834800,6899.75,6916.75,6895.25,6907.0,68879
1768867200,6907.25,6913.5,6896.25,6910.5,35356
1768881600,6910.5,6911.0,6877.25,6882.5,49639
1768896000,6882.5,6883.75,6846.75,6869.75,120679
1768910400,6869.5,6904.75,6860.5,6895.0,662743
1768924800,6895.0,6902.75,6829.0,6834.75,748275
1768939200,6834.75,6845.0,6822.25,6843.75,403835
1768957200,6844.0,6854.75,6842.75,6849.5,39953
1768971600,6849.25,6857.5,6846.5,6852.5,48029
1768986000,6852.5,6855.25,6814.5,6825.75,84926
1769000400,6825.75,6908.75,6815.75,6856.75,826797
1769014800,6857.0,6945.25,6837.25,6911.0,1066024
1769029200,6910.75,6934.25,6910.0,6933.25,68440
1769047200,6933.0,6934.75,6919.5,6921.0,24171
1769061600,6920.5,6956.0,6911.25,6953.0,63888
1769076000,6953.25,6958.5,6941.75,6957.5,79363
1769090400,6957.5,6968.25,6925.5,6967.0,639821
1769104800,6966.75,6969.0,6932.5,6940.25,442120
1769122800,6938.0,6957.0,6933.5,6951.75,34656
1769137200,6951.75,6963.25,6951.75,6957.5,17382
1769151600,6957.5,6960.75,6925.5,6929.75,56531
1769166000,6929.75,6943.75,6924.75,6941.75,194967
1769180400,6941.5,6964.0,6931.0,6943.5,549242
1769194800,6943.75,6956.25,6879.0,6914.25,342309
1769385600,6914.5,6933.25,6911.5,6927.0,44313
1769400000,6927.0,6943.0,6924.25,6940.75,22919
1769414400,6941.0,6950.25,6921.75,6936.75,46877
1769428800,6936.5,6988.0,6936.25,6983.75,335990
1769443200,6983.75,6995.5,6975.75,6989.5,317523
1769457600,6989.5,6991.5,6972.0,6983.5,229855
1769475600,6983.25,7003.5,6981.75,7000.75,26736
1769490000,7000.5,7006.5,6994.25,6997.25,27702
1769504400,6997.25,7003.5,6994.5,6997.25,39872
1769518800,6997.0,7018.5,6988.25,7013.0,400593
1769533200,7013.0,7017.25,7001.5,7008.75,370431
1769547600,7009.0,7027.5,7005.5,7023.5,67178
1769565600,7023.5,7032.25,7023.0,7031.75,21309
1769580000,7031.75,7043.0,7026.0,7031.5,56035
1769594400,7031.75,7036.5,7017.5,7022.25,58424
1769608800,7022.25,7031.0,6997.0,7000.5,497734
1769623200,7000.5,7023.0,6977.25,7016.75,485536
1769641200,7021.5,7022.0,6985.75,7003.0,61299
1769655600,7003.0,7023.75,7003.0,7020.0,22502
1769670000,7019.75,7029.5,7012.75,7013.75,50364
1769684400,7014.0,7026.75,6965.5,6966.5,285023
1769698800,6966.5,6968.75,6898.25,6956.25,1062421
1769713200,6956.25,7002.5,6952.75,6986.5,423182
1769731200,6986.5,6991.0,6943.25,6966.25,73657
1769745600,6966.25,6973.5,6928.25,6930.25,44762
1769760000,6930.25,6970.75,6917.5,6968.5,83089
1769774400,6968.75,6991.25,6947.25,6969.5,511292
1769788800,6969.5,6975.25,6918.75,6953.5,817373
1769803200,6953.5,6976.75,6918.25,6958.75,459246
1769994000,6958.5,6963.0,6873.5,6897.0,110318
1770008400,6897.0,6921.0,6864.5,6917.5,85202
1770022800,6917.5,6945.0,6907.0,6936.25,78878
1770037200,6936.25,7006.5,6929.5,7005.5,594078
1770051600,7005.5,7017.25,6998.25,7003.0,458738
1770066000,7003.25,7023.5,6997.5,7017.25,76405
1770084000,7017.25,7023.5,7008.0,7021.25,23905
1770098400,7021.5,7027.25,7012.0,7014.25,39222
1770112800,7014.5,7023.25,7006.75,7015.25,46639
1770127200,7015.25,7017.0,6920.0,6923.0,978530
1770141600,6923.0,6946.0,6886.25,6938.75,758563
1770159600,6934.0,6951.25,6931.25,6942.5,37252
1770174000,6942.75,6959.25,6940.5,6955.25,25022
1770188400,6955.25,6961.0,6932.5,6950.25,62494
1770202800,6950.25,6965.75,6924.0,6928.0,285556
1770217200,6928.0,6955.0,6862.5,6891.5,1161082
1770231600,6891.75,6941.5,6878.75,6918.5,510262
1770249600,6918.25,6935.25,6889.0,6891.0,59385
1770264000,6891.5,6917.0,6888.0,6908.25,36675
1770278400,6908.0,6923.75,6895.5,6915.0,73196
1770292800,6914.75,6920.75,6802.75,6817.0,848434
1770307200,6817.25,6870.25,6801.5,6834.5,671752
1770321600,6834.5,6852.75,6751.5,6782.5,385903
1770339600,6782.5,6810.75,6768.75,6787.75,66181
1770354000,6787.75,6820.75,6782.25,6816.25,56572
1770368400,6816.25,6870.0,6811.5,6850.0,116701
1770382800,6850.25,6922.25,6846.75,6916.5,815490
1770397200,6916.5,6965.5,6913.5,6948.75,543149
1770411600,6948.75,6979.75,6942.0,6961.5,108099
1770602400,6961.25,6967.5,6956.75,6963.0,25883
1770616800,6963.25,6968.0,6941.25,6943.75,51757
1770631200,6944.0,6954.25,6921.0,6938.0,75519
1770645600,6938.25,6998.0,6924.25,6987.0,555381
1770660000,6987.25,7000.5,6977.0,6984.0,387887
1770678000,6985.0,6989.5,6973.0,6976.5,30718
1770692400,6976.5,6986.25,6972.25,6977.75,21353
1770706800,6978.0,6997.5,6977.0,6989.25,37905
1770721200,6989.0,7002.25,6970.5,6998.0,212291
1770735600,6998.25,7006.5,6969.0,6977.0,514559
1770750000,6977.0,6982.25,6957.0,6974.75,324961
1770768000,6974.75,6986.0,6974.0,6985.25,18017
1770782400,6985.0,6985.75,6971.0,6974.25,17796
1770796800,6974.25,6978.0,6953.0,6963.75,54804
1770811200,6963.5,7011.5,6931.0,6963.0,628352
1770825600,6962.75,6979.75,6953.25,6968.75,518158
1770840000,6968.5,6970.5,6952.25,6963.5,226345
1770858000,6963.75,6983.25,6960.0,6979.75,31025
1770872400,6980.0,6985.0,6972.5,6981.75,28995
1770886800,6981.5,6986.75,6976.25,6980.0,32476
1770901200,6980.0,6992.75,6873.0,6884.5,918426
1770915600,6884.5,6898.0,6842.0,6850.5,896574
1770930000,6850.75,6868.75,6840.25,6854.5,122755
1770948000,6854.5,6862.5,6835.0,6838.0,34049
1770962400,6838.0,6854.5,6824.25,6846.75,72762
1770976800,6846.5,6865.0,6820.0,6855.0,153712
1770991200,6854.75,6897.75,6808.75,6886.25,902138
1771005600,6886.25,6897.75,6832.75,6845.25,502565
1771196400,6852.5,6871.5,6844.25,6863.0,29960
1771210800,6863.0,6865.25,6856.25,6862.75,14181
1771225200,6862.75,6885.5,6862.25,6877.75,32527
1771239600,6878.0,6880.75,6846.25,6859.0,47099
1771254000,6859.0,6869.75,6841.0,6864.25,67655
1771286400,6864.5,6868.0,6813.75,6820.75,54004
1771300800,6820.75,6831.5,6810.0,6830.75,32517
1771315200,6830.75,6848.0,6821.0,6832.25,58815
1771329600,6832.25,6862.0,6791.0,6819.75,583485
1771344000,6819.5,6883.75,6818.0,6870.0,614107
1771358400,6870.0,6875.5,6848.75,6852.5,258404
1771376400,6852.25,6875.0,6849.5,6874.5,21871
1771390800,6874.5,6895.75,6870.25,6894.25,33221
1771405200,6894.25,6904.0,6874.75,6885.75,71182
1771419600,6885.75,6923.75,6861.5,6909.0,547649
1771434000,6909.25,6925.75,6872.5,6895.5,553614
1771448400,6895.5,6902.25,6886.75,6897.0,60920
1771466400,6896.75,6903.75,6890.0,6902.0,17784
1771480800,6902.0,6912.5,6872.25,6881.25,46767
1771495200,6881.25,6886.25,6862.0,6872.0,86410
1771509600,6871.75,6894.5,6853.5,6856.5,656350
1771524000,6856.5,6883.5,6847.75,6872.25,404265
1771542000,6874.25,6893.5,6871.25,6888.0,33078
1771556400,6887.75,6900.0,6885.5,6897.0,19049
1771570800,6896.75,6904.75,6882.75,6882.75,37992
1771585200,6883.0,6884.0,6847.25,6878.75,285074
1771599600,6880.0,6931.5,6871.0,6924.0,1043785
1771614000,6924.25,6929.0,6900.25,6906.25,332758
1771804800,6906.0,6906.0,6869.0,6872.75,56922
1771819200,6873.0,6887.75,6867.5,6885.5,26422
1771833600,6885.75,6913.25,6881.75,6897.5,53323
1771848000,6897.25,6930.25,6851.0,6852.0,490024
1771862400,6851.75,6869.25,6832.75,6840.0,511789
1771876800,6840.0,6864.0,6835.75,6861.25,273533
1771894800,6861.25,6873.0,6856.75,6872.0,26620
1771909200,6872.0,6875.0,6850.25,6855.75,37523
1771923600,6855.75,6871.5,6845.75,6850.0,58060
1771938000,6850.25,6898.25,6828.5,6894.0,637501
1771952400,6893.75,6912.75,6893.25,6903.25,460831
1771966800,6903.0,6916.25,6895.75,6914.5,57842
1771984800,6914.5,6917.5,6892.25,6904.25,32238
1771999200,6904.0,6915.75,6901.0,6914.75,26451
1772013600,6915.0,6929.5,6911.0,6927.0,49852
1772028000,6927.25,6954.75,6926.75,6954.5,519062
1772042400,6954.5,6983.75,6950.75,6975.5,347730
1772060400,6965.0,6969.25,6941.25,6949.5,44666
1772074800,6949.5,6954.0,6943.75,6949.75,17458
1772089200,6949.75,6963.5,6949.5,6953.5,31510
1772103600,6953.75,6970.75,6931.75,6934.5,229245
1772118000,6934.5,6938.25,6870.75,6901.75,827863
1772132400,6901.75,6926.25,6882.5,6892.5,356085
1772150400,6892.5,6900.25,6883.0,6898.25,33334
1772164800,6898.5,6908.25,6892.5,6907.0,22863
1772179200,6907.0,6915.5,6878.5,6885.0,56248
1772193600,6885.0,6893.75,6841.5,6877.25,512813
1772208000,6877.5,6888.25,6855.0,6858.5,486432
1772222400,6858.5,6894.0,6809.25,6829.75,527325
1772413200,6829.5,6857.0,6827.25,6830.5,74092
1772427600,6830.5,6833.0,6768.5,6792.25,110580
1772442000,6792.0,6831.5,6789.25,6811.25,116162
1772456400,6811.25,6894.5,6802.25,6887.0,745434
1772470800,6887.0,6911.25,6872.75,6887.25,592113
1772485200,6887.0,6888.25,6853.25,6854.25,87041
1772503200,6854.25,6855.75,6828.75,6831.0,66863
1772517600,6831.25,6836.75,6766.25,6767.75,141160
1772532000,6767.75,6801.0,6742.75,6768.75,225448
1772546400,6769.0,6808.0,6718.75,6797.25,1075582
1772560800,6797.0,6849.75,6797.0,6814.0,638586
1772578800,6813.25,6833.0,6787.75,6799.75,83143
1772593200,6799.75,6802.0,6773.5,6790.75,61250
1772607600,6790.5,6848.5,6782.5,6842.75,120246
1772622000,6843.0,6857.75,6813.0,6836.25,310362
1772636400,6836.25,6891.75,6831.0,6888.5,597719
1772650800,6888.5,6894.0,6866.0,6885.5,330256
1772668800,6885.25,6900.75,6850.25,6856.75,72756
1772683200,6856.25,6869.5,6844.5,6863.25,45658
1772697600,6863.25,6894.0,6840.5,6867.0,105453
1772712000,6867.25,6880.75,6814.25,6842.75,515485
1772726400,6843.0,6845.75,6777.0,6791.75,715907
1772740800,6791.75,6850.25,6784.75,6842.75,378088
1772758800,6842.25,6853.0,6833.25,6847.25,31881
1772773200,6847.25,6854.0,6829.25,6837.75,38023
1772787600,6838.0,6840.25,6783.75,6789.75,128088
1772802000,6789.5,6805.5,6715.75,6768.5,845820
1772816400,6768.75,6780.5,6729.25,6742.5,679909
1772830800,6742.5,6745.25,6612.0,6619.0,202222
1773018000,6619.5,6623.0,6584.5,6611.25,114549
1773032400,6611.75,6660.5,6608.25,6656.5,140337
1773046800,6656.75,6701.5,6649.25,6670.25,180515
1773061200,6670.5,6741.0,6641.0,6730.75,835716
1773075600,6730.75,6818.5,6698.75,6793.75,757656
1773093600,6800.75,6800.75,6762.5,6792.25,73736
1773108000,6792.25,6794.75,6764.5,6789.75,38726
1773122400,6790.0,6833.5,6786.25,6820.25,101342
1773136800,6820.25,6824.0,6768.75,6776.0,307282
1773151200,6775.5,6852.0,6765.0,6838.5,734019
1773165600,6838.25,6840.0,6779.75,6787.0,564398
1773183600,6787.25,6819.5,6786.0,6816.25,41710
1773198000,6816.25,6822.5,6798.5,6806.0,27236
1773212400,6806.0,6807.5,6768.25,6800.0,90843
1773226800,6800.0,6818.0,6764.0,6797.5,516048
1773241200,6797.5,6803.5,6749.75,6769.25,636505
1773255600,6769.25,6782.5,6715.25,6729.25,239790
1773273600,6729.0,6738.5,6705.75,6713.0,63385
1773288000,6712.75,6746.5,6709.25,6746.25,47222
1773302400,6746.0,6760.75,6733.75,6742.75,89394
1773316800,6743.0,6744.25,6684.5,6708.75,805591
1773331200,6709.0,6729.25,6675.25,6676.25,710378
1773345600,6676.5,6707.75,6671.0,6702.5,103934
1773363600,6702.5,6711.75,6688.25,6691.75,28350
1773378000,6691.75,6697.0,6640.0,6669.5,72229
1773392400,6669.5,6725.25,6669.25,6710.25,139705
1773406800,6710.25,6737.5,6644.5,6647.25,926649
1773421200,6647.25,6665.0,6625.0,6625.25,531242
1773612000,6608.5,6671.75,6608.5,6669.75,69932
1773626400,6669.5,6678.5,6658.75,6677.5,17382
1773640800,6677.5,6684.0,6652.0,6656.5,44702
1773655200,6656.25,6723.0,6655.25,6722.0,153501
1773669600,6721.75,6728.0,6684.5,6700.75,324255
1773684000,6700.75,6734.25,6692.5,6693.25,192075
1773702000,6693.5,6701.75,6681.75,6682.25,11958
1773716400,6682.25,6694.0,6665.25,6671.0,10539
1773730800,6671.0,6697.5,6667.5,6695.75,20449
1773745200,6695.5,6757.5,6691.0,6743.25,78935
1773759600,6743.25,6746.0,6713.75,6724.0,73272
1773774000,6724.25,6729.25,6713.25,6714.75,43479
1773792000,6715.0,6747.5,6714.0,6745.75,6821
1773806400,6745.75,6762.25,6745.5,6751.75,6726
1773820800,6751.5,6760.0,6736.25,6741.25,13646
1773835200,6741.25,6742.75,6668.25,6682.0,78548
1773849600,6682.0,6687.0,6623.0,6626.25,84789
1773864000,6626.25,6630.0,6604.0,6619.5,19430
1773882000,6620.0,6644.5,6615.5,6625.25,6124
1773896400,6626.0,6628.75,6597.25,6607.5,13854
1773910800,6607.75,6632.25,6573.25,6579.0,32479
1773925200,6579.5,6608.0,6561.75,6583.0,94331
1773939600,6583.25,6640.75,6566.75,6619.0,74071
1773957600,6622.75,6635.0,6614.75,6623.5,2401
1773972000,6626.25,6629.25,6609.5,6615.75,1168
1773986400,6615.5,6624.5,6577.5,6582.5,3814
1774000800,6582.0,6598.5,6558.0,6593.5,6083
